Progress;Finished;consent;cisgender;age;region_1;relation;relation_7_TEXT;edu;edu_6_TEXT;WSW;sex_attr;sex_attr_10_TEXT;rom_attr;rom_attr_10_TEXT;label;self_def;LIHS_1;LIHS_2;LIHS_3;LIHS_4;LIHS_5;LIHS_6;LIHS_7;LIHS_8;LIHS_9;LIHS_10;LIHS_11;LIHS_12;SQoL_1;SQoL_2;SQoL_3;SQoL_4;SQoL_5;SQoL_6;SQoL_7;SQoL_8;SQoL_9;SQoL_10;SQoL_11;SQoL_12;SQoL_13;SQoL_14;SQoL_15;SQoL_16;SQoL_17;SQoL_18;SQoL_tot;LIHS_sum;age_number
100;1;1;1;18;3;1; ;5; ;3;1; ;1; ; ;1;2;4;4;2;4;4;2;1;2;1;1;1;1;6;6;6;6;5;5;6;1;3;4;6;5;6;6;6;5;2;4,72222222222222;28;34
100;1;1;1;17;17;1; ;4; ;3;1; ;1; ; ;1;1;2;1;1;1;1;1;1;2;1;1;1;1;5;5;6;6;6;6;6;2;5;6;6;4;6;6;6;6;1;4,94444444444444;14;33
100;1;1;1;35;11;1; ;4; ;2;1; ;1; ; ;1;5;1;2;1;2;1;2;1;1;2;1;1;1;4;4;6;4;4;3;6;4;3;2;3;5;2;3;1;2;4;3,38888888888889;20;51
100;1;1;1;18;6;1; ;5; ;3;2; ;1; ; ;1;1;1;2;1;1;4;1;2;4;1;1;1;1;5;6;6;5;6;6;6;2;6;5;6;6;5;6;6;3;3;4,94444444444444;20;34
100;1;1;1;16;7;4; ;5; ;3;2; ;1; ; ;1;1;2;3;1;4;3;2;1;1;2;1;2;1;5;5;6;6;6;5;6;2;2;6;6;5;6;6;6;3;5;4,83333333333333;23;32
100;1;1;1;7;15;2; ;5; ;3;1; ;1; ; ;1;1;6;1;1;3;1;1;1;2;1;1;1;1;6;6;6;6;2;6;6;1;6;6;6;5;5;6;4;3;5;4,77777777777778;20;23
100;1;1;1;19;16;1; ;5; ;3;2; ;1; ; ;1;2;2;1;1;1;1;1;1;1;1;1;1;3;3;3;6;5;2;3;3;4;3;3;3;3;4;6;5;3;2;3,55555555555556;14;35
100;1;1;1;7;15;4; ;4; ;3;1; ;1; ; ;1;1;2;3;4;2;1;1;1;1;1;1;1;1;6;6;6;6;6;6;6;1;6;6;6;6;6;6;6;6;5;5,38888888888889;19;23
100;1;1;1;9;15;5; ;5; ;3;1; ;1; ; ;1;1;3;1;2;4;4;1;3;1;1;1;1;1;5;6;6;6;6;5;6;1;6;6;6;6;6;6;6;6;3;5,16666666666667;23;25
100;1;1;1;11;15;1; ;5; ;3;2; ;1; ;Non amo utilizzare le etichette;1;2;5;4;2;2;4;2;1;2;2;1;2;1;3;6;6;6;6;3;6;1;5;6;6;6;6;3;3;6;5;4,66666666666667;29;27
100;1;1;1;7;15;1; ;4; ;3;2; ;1; ; ;1;2;6;3;2;2;2;1;1;2;1;1;1;1;6;5;6;6;5;6;5;2;5;5;6;6;6;6;6;3;3;4,88888888888889;24;23
100;1;1;1;20;11;1; ;5; ;3;1; ;1; ; ;1;1;7;3;1;1;4;1;1;2;2;1;2;1;2;2;6;2;1;1;2;4;1;2;2;3;2;3;2;1;1;2,11111111111111;26;36
100;1;1;1;26;20;1; ;5; ;3;2; ;1; ; ;1;1;2;1;1;1;4;1;1;2;1;1;1;1;5;5;6;6;5;6;6;2;3;5;6;5;5;6;3;3;5;4,61111111111111;17;42
100;1;1;1;19;14;6; ;4; ;3;1; ;1; ; ;1;1;1;2;1;1;2;1;1;1;1;1;1;1;3;6;6;6;6;6;6;1;6;6;6;6;6;6;6;6;2;5,05555555555556;14;35
100;1;1;1;8;10;1; ;5; ;3;11; ;11; ;Queer;1;1;2;1;1;1;1;1;1;1;1;1;1;1;5;6;6;6;6;6;6;1;6;6;6;6;6;6;6;5;3;5,16666666666667;13;24
100;1;1;1;17;15;1; ;5; ;3;2; ;2; ; ;1;2;3;2;2;2;2;2;2;3;2;1;1;2;5;5;5;4;3;4;5;2;4;4;5;5;4;3;5;5;4;4,11111111111111;24;33
100;1;1;1;12;11;2; ;5; ;3;3; ;1; ; ;1;1;4;4;1;4;4;1;1;6;1;1;2;1;6;6;6;6;6;5;5;1;6;6;6;6;6;6;6;5;6;5,27777777777778;30;28
100;1;1;1;16;3;1; ;5; ;3;1; ;1; ;Queer;1;1;1;1;1;1;1;1;1;1;1;1;1;1;6;6;6;6;6;6;6;1;6;6;6;6;6;6;6;6;3;5,27777777777778;12;32
100;1;1;1;18;10;6; ;5; ;3;2; ;1; ; ;1;2;6;5;1;2;1;1;1;2;1;1;1;1;6;6;6;6;6;6;6;2;5;6;6;6;6;6;6;6;2;5,22222222222222;24;34
100;1;1;1;6;3;4; ;4; ;3;1; ;1; ;Queer;1;7;4;1;1;2;1;1;2;1;2;1;1;1;3;4;6;5;5;4;6;1;4;6;6;6;6;6;5;2;2;4,33333333333333;24;22
100;1;1;1;21;11;2; ;5; ;3;1; ;1; ; ;1;1;1;1;1;2;1;1;1;1;1;1;1;1;6;6;6;6;6;6;6;1;5;6;6;6;6;6;6;6;5;5,33333333333333;13;37
86;0;1;1;13;14;1; ;5; ;3;2; ;1; ; ;1;6;2;2;1;1;2;2;1;1;5;1;1;1;5;5;5;5;6;5;6;2;5;5;5;5;6;6;4;5;4;4,72222222222222;25;29
100;1;1;1;11;7;4; ;4; ;3;1; ;2; ; ;1;2;5;1;4;1;1;1;1;1;2;1;1;1;2;3;6;6;6;6;6;2;1;3;6;5;6;6;5;5;1;4,22222222222222;21;27
100;1;1;1;30;17;1; ;5; ;3;2; ;1; ; ;1;1;2;2;4;4;1;1;1;1;1;1;1;1;6;6;6;6;6;6;6;1;6;4;6;3;4;6;3;5;6;4,83333333333333;20;46
100;1;1;1;15;11;2; ;5; ;3;1; ;1; ; ;1;1;1;2;1;2;1;1;1;1;1;1;1;1;5;6;6;5;6;6;6;2;5;5;6;5;6;6;5;3;3;4,83333333333333;14;31
100;1;1;1;23;7;1; ;4; ;3;2; ;1; ;Pansessuale;1;1;1;1;1;1;1;1;1;1;1;1;1;1;6;6;6;6;1;6;6;2;2;5;6;4;6;6;6;6;2;4,61111111111111;12;39
100;1;1;1;29;12;1; ;5; ;3;1; ;1; ; ;1;1;6;6;1;2;1;1;1;1;1;1;5;1;6;6;6;6;6;6;6;1;6;6;6;6;6;6;6;6;6;5,44444444444444;27;45
100;1;1;1;11;7;1; ;4; ;3;1; ;2; ; ;1;1;4;4;1;4;1;1;1;2;1;1;1;2;3;4;6;5;4;4;6;2;2;3;4;3;3;6;3;3;4;3,72222222222222;22;27
100;1;1;1;20;3;1; ;5; ;3;2; ;1; ; ;1;1;3;4;1;4;2;2;1;2;2;1;1;2;5;6;6;5;4;4;6;2;5;5;5;4;5;6;4;3;3;4,44444444444444;24;36
100;1;1;1;8;3;1; ;4; ;3;1; ;1; ; ;1;2;4;6;4;1;2;2;1;2;2;1;1;1;5;6;6;5;5;3;5;1;5;6;5;5;6;6;5;5;5;4,72222222222222;28;24
100;1;1;1;21;3;5; ;5; ;3;2; ;1; ; ;1;3;3;3;2;3;3;3;3;3;3;1;1;1;6;6;6;5;3;5;6;2;3;3;6;2;6;6;3;4;5;4,33333333333333;31;37
100;1;1;1;10;11;4; ;5; ;3;1; ;2; ; ;1;6;7;2;1;2;2;2;1;1;6;1;1;4;2;2;4;1;1;2;4;6;1;2;1;2;2;6;6;1;1;2,66666666666667;32;26
100;1;1;1;14;11;2; ;5; ;3;1; ;1; ; ;1;1;1;3;1;1;3;2;1;1;1;1;1;1;6;6;6;6;6;6;6;1;6;6;6;6;6;6;6;6;6;5,44444444444444;17;30
100;1;1;1;8;15;1; ;5; ;3;2; ;1; ; ;1;2;6;7;2;6;4;6;4;4;6;1;1;2;6;6;5;5;5;5;6;2;6;6;5;5;6;6;6;6;5;5,16666666666667;49;24
100;1;1;1;8;15;1; ;5; ;3;2; ;1; ; ;1;2;2;1;1;1;2;2;1;2;1;1;1;1;6;6;6;5;1;4;6;1;4;5;6;6;4;5;6;5;5;4,55555555555556;17;24
100;1;1;1;8;15;4; ;5; ;3;2; ;1; ; ;1;1;2;1;1;2;1;2;1;2;2;1;1;2;4;5;6;5;4;5;6;1;3;4;6;6;6;6;6;6;2;4,61111111111111;17;24
100;1;1;1;4;15;4; ;4; ;3;1; ;1; ; ;1;1;3;4;2;2;4;1;1;4;1;2;1;2;4;3;6;4;5;6;5;2;1;6;6;6;6;5;6;1;1;4,16666666666667;26;20
100;1;1;1;2;11;1; ;4; ;3;1; ;1; ; ;1;2;2;1;1;1;4;4;1;1;1;1;1;1;6;6;5;6;6;4;6;1;6;6;6;6;6;2;3;6;6;4,88888888888889;20;18
100;1;1;1;11;17;5; ;5; ;3;1; ;1; ;Queer;1;2;3;1;4;1;1;1;1;3;1;1;1;1;6;6;6;6;6;6;6;1;6;6;6;6;6;6;6;6;6;5,44444444444444;20;27
100;1;1;1;11;6;4; ;5; ;3;2; ;1; ; ;1;1;2;3;1;1;1;1;1;4;1;1;1;1;6;6;6;6;6;6;6;1;6;6;6;6;6;6;6;6;6;5,44444444444444;18;27
100;1;1;1;7;3;1; ;4; ;3;3; ;1; ;Queer;1;3;6;3;1;2;1;2;1;3;2;1;2;3;3;3;5;3;5;2;3;2;1;3;5;3;2;1;1;3;1;2,72222222222222;27;23
100;1;1;1;9;21;1; ;4; ;3;1; ;2; ; ;1;1;7;2;1;1;1;1;1;1;1;1;2;1;6;6;6;5;5;6;6;1;6;6;6;5;6;6;5;5;5;5,11111111111111;20;25
100;1;1;1;19;12;1; ;5; ;3;1; ;1; ; ;1;2;2;3;4;4;2;2;1;1;2;1;1;2;2;5;6;5;6;6;6;2;5;6;6;5;6;6;5;6;2;4,83333333333333;25;35
100;1;1;1;12;11;1; ;5; ;3;2; ;1; ;Queer;1;1;2;3;1;1;4;1;1;3;1;1;1;1;6;6;6;6;6;6;6;2;2;6;6;6;6;6;3;3;3;4,77777777777778;20;28
100;1;1;1;14;16;1; ;4; ;3;1; ;2; ; ;1;1;3;6;1;1;1;1;1;3;1;1;1;1;4;4;6;6;6;6;6;5;3;6;6;6;6;6;4;4;2;4,83333333333333;21;30
100;1;1;1;8;11;1; ;4; ;3;3; ;1; ; ;1;2;5;3;2;3;3;2;2;2;1;1;2;2;5;6;6;5;5;5;6;2;5;6;4;6;5;6;5;4;5;4,88888888888889;28;24
100;1;1;1;11;15;1; ;5; ;3;1; ;1; ; ;1;5;7;3;4;3;3;3;4;3;3;1;1;2;6;6;6;6;6;6;6;2;2;6;6;5;6;6;3;3;5;4,88888888888889;40;27
100;1;1;1;14;3;1; ;5; ;3;2; ;1; ; ;1;1;5;1;2;2;1;1;1;1;1;1;1;2;3;3;6;5;6;3;6;3;2;6;5;4;6;6;6;2;1;4,16666666666667;18;30
100;1;1;1;9;11;1; ;5; ;3;2; ;1; ; ;1;1;6;6;1;4;4;4;1;6;2;1;1;1;6;6;6;6;6;6;6;1;6;6;6;6;6;6;6;6;6;5,44444444444444;37;25
100;1;1;1;7;6;1; ;5; ;3;2; ;1; ; ;1;1;6;7;1;6;1;1;1;3;2;1;1;1;3;3;6;5;1;3;3;5;2;1;2;2;2;5;1;1;1;2,61111111111111;31;23
100;1;1;1;6;18;2; ;4; ;3;1; ;1; ; ;1;2;3;2;1;4;2;2;1;1;1;1;1;1;6;6;6;6;6;6;6;2;6;6;6;5;6;6;6;6;6;5,44444444444444;21;22
100;1;1;1;7;11;3; ;5; ;3;1; ;1; ; ;1;1;1;7;1;1;1;1;1;1;1;1;1;1;6;6;6;6;1;5;6;1;6;6;6;6;6;6;6;6;6;5,11111111111111;18;23
100;1;1;1;19;11;1; ;5; ;3;1; ;1; ;Lesbica;1;1;1;5;1;4;4;2;1;2;1;1;1;1;5;5;6;6;6;6;5;1;6;6;6;6;6;6;6;6;6;5,27777777777778;24;35
100;1;1;1;10;6;1; ;5; ;3;1; ;1; ; ;1;2;2;3;1;1;2;2;1;1;2;1;2;2;4;5;6;5;5;5;6;3;3;4;6;6;5;6;5;6;4;4,77777777777778;20;26
100;1;1;1;7;14;1; ;4; ;3;1; ;1; ; ;1;1;2;6;1;4;3;1;1;2;1;1;1;3;5;5;6;6;5;5;5;1;6;6;5;6;6;5;6;6;6;5,16666666666667;24;23
100;1;1;1;15;3;1; ;4; ;3;9; ;2; ;Pansessuale;1;2;4;3;5;5;1;1;1;1;1;1;1;2;5;6;6;5;1;6;5;2;6;6;4;4;6;6;3;5;6;4,66666666666667;26;31
100;1;1;1;10;14;1; ;5; ;3;2; ;1; ; ;1;1;4;4;4;4;4;4;4;3;1;1;1;2;4;5;6;5;6;6;6;1;6;5;6;6;6;5;4;3;5;4,83333333333333;35;26
100;1;1;1;6;16;1; ;4; ;3;2; ;2; ; ;1;2;4;4;2;2;2;1;1;2;2;1;2;1;4;5;6;4;1;5;5;4;1;6;5;4;6;5;6;2;2;4;25;22
100;1;1;1;12;12;4; ;5; ;3;2; ;1; ; ;1;2;4;2;1;1;2;1;1;5;1;1;1;1;5;5;6;5;6;5;6;6;5;5;6;4;6;6;6;3;6;5,11111111111111;22;28
100;1;1;1;10;11;1; ;5; ;3;11; ;2; ;queer;1;3;5;2;1;1;1;2;1;1;2;1;4;1;5;6;6;5;6;5;6;1;6;6;6;6;6;5;5;6;5;5,11111111111111;24;26
100;1;1;1;17;3;4; ;5; ;3;2; ;1; ; ;1;2;2;3;1;3;1;1;1;6;1;1;3;1;6;6;6;6;6;6;6;4;6;6;6;5;6;6;6;6;2;5,33333333333333;25;33
100;1;1;1;12;11;1; ;5; ;3;2; ;1; ;Queer;1;1;2;2;1;1;1;2;1;2;1;1;1;1;6;6;6;5;6;6;6;1;5;5;6;2;6;6;6;6;3;4,88888888888889;16;28
100;1;1;1;6;14;4; ;4; ;3;1; ;1; ; ;1;1;2;1;1;1;1;1;1;3;1;1;2;1;4;6;6;6;4;6;6;2;4;6;6;5;6;6;4;2;1;4,5;16;22
100;1;1;1;40;11;5; ;5; ;3;2; ;1; ; ;1;1;3;3;1;1;1;1;1;2;1;1;1;2;5;6;6;6;6;6;6;2;5;6;6;5;6;6;6;4;4;5,16666666666667;17;56
100;1;1;1;24;3;2; ;3; ;3;1; ;1; ; ;1;1;2;2;1;1;1;1;1;1;1;1;1;1;5;5;6;5;6;6;6;2;5;3;6;5;6;6;6;3;2;4,66666666666667;14;40
100;1;1;1;34;17;1; ;5; ;3;2; ;1; ; ;1;1;2;2;1;1;3;1;1;3;1;1;2;2;4;6;6;4;5;5;6;1;3;3;6;5;6;6;6;3;4;4,5;19;50
100;1;1;1;21;5;2; ;4; ;3;9; ;9; ;queer;1;1;1;1;1;3;1;1;1;1;1;1;7;1;6;6;6;6;6;6;6;1;1;6;6;6;6;6;6;6;5;5,11111111111111;20;37
100;1;1;1;7;11;4; ;4; ;3;1; ;1; ; ;1;2;7;3;6;2;2;5;1;1;6;1;2;1;6;6;5;6;5;6;6;2;2;6;6;6;6;6;6;5;6;5,11111111111111;38;23
100;1;1;1;31;9;1; ;4; ;3;1; ;1; ; ;1;1;1;1;1;1;1;1;1;2;1;1;1;5;1;2;6;2;2;2;2;5;2;2;2;5;2;2;2;1;2;2,61111111111111;13;47
100;1;1;1;28;3;2; ;5; ;3;2; ;1; ; ;1;7;7;4;2;6;7;4;1;1;6;4;1;1;4;3;6;1;5;1;2;3;1;6;2;1;6;1;1;2;4;2,77777777777778;50;44
100;1;1;1;10;18;1; ;5; ;3;1; ;1; ; ;1;1;4;4;1;3;1;1;1;7;1;1;1;1;3;6;6;6;4;6;5;1;5;6;6;3;6;6;5;5;1;4,5;26;26
100;1;1;1;12;11;1; ;4; ;3;2; ;1; ; ;1;2;2;1;1;1;1;1;1;2;1;1;1;1;5;6;6;6;6;5;6;2;5;5;6;6;5;5;4;5;4;4,88888888888889;15;28
72;0;1;1;27;19;4; ;4; ;3;2; ;1; ;Seguo il mio cuore;1;4;5;4;1;7;1;1;1;1;2;1;1;1;6;6;6;6;6;6;6;1;6;6;6;6;6;6;6;6;5;5,38888888888889;29;43
72;0;1;1;21;7;4; ;3; ;3;2; ;1; ; ;1;2;2;1;1;1;2;1;1;1;1;1;1;1;4;4;6;6;6;6;6;1;3;4;6;5;6;6;6;6;2;4,66666666666667;15;37
82;0;1;1;21;18;2; ;5; ;3;2; ;2; ;Pansessuale;1;2;2;2;1;1;3;1;2;2;1;1;2;1;5;6;6;5;6;5;5;2;5;5;6;5;6;6;5;3;2;4,66666666666667;20;37
100;1;1;1;14;11;1; ;5; ;3;3; ;1; ; ;1;1;7;5;1;5;1;1;1;5;2;1;1;1;6;6;6;6;6;6;6;1;6;6;6;6;6;6;6;6;6;5,44444444444444;31;30
100;1;1;1;11;3;1; ;4; ;3;1; ;1; ; ;1;1;4;3;2;3;2;1;1;1;1;1;1;1;6;6;6;5;3;3;3;2;4;3;5;5;6;6;6;6;4;4,44444444444444;21;27
100;1;1;1;17;11;4; ;4; ;3;1; ;1; ; ;1;1;2;2;2;1;2;4;1;1;2;2;1;2;5;4;6;5;6;4;6;2;2;6;6;6;6;6;6;6;5;4,94444444444444;21;33
100;1;1;1;19;11;1; ;2; ;3;1; ;1; ; ;1;1;2;3;1;3;2;2;1;2;1;1;1;2;6;6;6;5;5;6;6;2;6;4;4;6;5;6;4;6;3;4,88888888888889;20;35
100;1;1;1;21;3;1; ;5; ;3;1; ;1; ; ;1;2;1;2;1;1;1;1;1;1;2;1;1;1;6;6;6;5;6;3;6;2;6;6;6;5;6;6;6;6;5;5,16666666666667;15;37
100;1;1;1;18;11;1; ;4; ;3;1; ;1; ; ;1;2;2;4;6;1;4;2;1;2;2;1;1;1;6;6;6;6;6;6;6;1;6;6;6;6;6;6;6;6;2;5,22222222222222;28;34
100;1;1;1;54;3;1; ;4; ;2;2; ;1; ;non amo le etichette;1;1;4;3;1;4;2;1;1;4;1;1;2;1;6;6;6;6;6;6;6;2;6;6;6;5;6;6;5;6;5;5,33333333333333;25;70
100;1;1;1;18;11;1; ;5; ;3;1; ;1; ;Lesbica;1;4;5;6;4;4;1;3;1;4;1;1;2;2;5;5;6;6;4;5;6;4;2;3;5;4;4;3;5;2;2;4,05555555555556;36;34
100;1;1;1;15;9;1; ;5; ;3;1; ;1; ; ;1;1;4;5;4;6;4;4;1;4;1;1;1;2;6;6;6;6;6;6;6;1;6;6;6;6;6;6;5;6;5;5,38888888888889;36;31
100;1;1;1;13;3;1; ;3; ;3;1; ;1; ; ;1;1;2;3;2;2;1;1;1;3;1;1;2;2;4;4;6;5;6;6;5;2;6;5;5;5;6;6;3;4;2;4,55555555555556;20;29
100;1;1;1;23;11;1; ;4; ;3;1; ;1; ; ;1;4;5;3;1;4;6;1;1;4;1;1;6;1;6;6;6;6;6;6;6;1;6;6;6;6;6;6;5;6;3;5,22222222222222;37;39
100;1;1;1;14;3;1; ;5; ;3;1; ;1; ; ;1;1;1;2;1;1;1;1;1;1;1;1;1;1;6;6;6;6;6;6;6;1;6;6;6;6;6;6;6;6;5;5,38888888888889;13;30
100;1;1;1;15;17;1; ;5; ;3;1; ;1; ; ;1;1;4;5;1;1;1;1;1;2;1;1;1;1;6;6;6;6;6;6;6;1;6;6;6;6;6;6;6;6;6;5,44444444444444;20;31
100;1;1;1;31;7;1; ;3; ;3;1; ;1; ; ;1;1;1;2;1;2;1;1;2;2;1;1;1;1;5;6;6;6;6;6;6;2;6;3;6;6;6;6;6;6;5;5,22222222222222;16;47
100;1;1;1;14;11;1; ;5; ;3;1; ;1; ; ;1;2;3;3;6;4;4;2;1;4;1;1;1;1;6;6;6;6;6;6;6;1;6;6;6;6;6;6;6;6;6;5,44444444444444;32;30
100;1;1;1;15;14;4; ;4; ;3;1; ;1; ; ;1;2;3;4;1;1;2;1;1;1;1;1;1;1;6;6;6;6;6;6;6;1;1;1;6;6;6;6;6;6;6;4,88888888888889;19;31
100;1;1;1;22;7;4; ;5; ;2;1; ;1; ; ;1;4;2;2;4;1;1;1;1;2;1;1;2;1;5;5;6;5;6;6;6;1;6;6;6;5;6;6;6;6;5;5,16666666666667;22;38
100;1;1;1;22;17;1; ;4; ;3;2; ;1; ; ;1;2;2;3;5;3;1;3;1;4;2;1;1;2;4;5;6;5;4;4;5;2;2;5;2;6;6;5;5;5;2;4,16666666666667;28;38
100;1;1;1;17;11;1; ;5; ;3;1; ;1; ; ;1;6;4;1;1;1;3;4;1;2;5;1;1;1;6;6;6;6;6;6;6;1;6;6;6;6;6;6;6;6;5;5,38888888888889;30;33
100;1;1;1;14;7;4; ;4; ;3;1; ;1; ; ;1;4;5;7;1;4;7;4;4;4;1;1;1;3;3;4;6;3;3;3;4;4;4;3;4;4;3;6;6;6;4;4,05555555555556;43;30
100;1;1;1;13;17;1; ;4; ;3;1; ;1; ; ;1;4;2;2;4;3;4;2;1;6;1;1;5;1;6;6;6;5;6;6;6;1;6;6;6;6;6;6;6;6;6;5,38888888888889;35;29
100;1;1;1;19;7;1; ;5; ;3;1; ;1; ; ;1;2;2;2;5;2;2;1;1;2;1;1;1;1;6;6;6;6;6;6;6;1;6;6;6;6;6;6;6;6;5;5,38888888888889;22;35
100;1;1;1;14;7;1; ;3; ;3;1; ;1; ; ;1;1;4;4;1;1;1;1;1;4;1;1;1;1;6;6;6;6;6;6;6;1;6;6;6;5;6;6;6;6;6;5,38888888888889;21;30
100;1;1;1;13;6;1; ;4; ;2;1; ;1; ; ;1;4;7;2;3;1;2;1;2;4;1;1;4;1;6;6;6;6;2;5;6;2;6;6;6;5;6;6;6;3;5;4,94444444444444;32;29
100;1;1;1;20;18;1; ;4; ;3;1; ;1; ; ;1;2;2;3;2;2;4;2;4;2;1;1;2;2;5;5;6;5;2;6;6;1;5;2;6;6;3;6;5;5;3;4,38888888888889;27;36
100;1;1;1;15;10;1; ;5; ;3;1; ;1; ; ;1;1;2;2;2;1;2;1;1;3;1;1;4;2;5;6;6;5;6;6;6;1;6;6;6;5;6;6;6;6;5;5,27777777777778;21;31
100;1;1;1;22;18;1; ;5; ;3;1; ;1; ; ;1;1;2;2;1;1;1;4;1;4;1;1;7;1;6;6;6;6;3;6;6;1;6;6;6;6;6;6;6;6;3;5,11111111111111;26;38
100;1;1;1;32;11;1; ;3; ;3;1; ;1; ; ;1;1;1;2;4;1;7;1;1;2;1;1;1;1;6;6;6;6;6;6;6;1;6;6;6;6;6;6;6;6;6;5,44444444444444;23;48
100;1;1;1;14;3;2; ;4; ;3;1; ;1; ; ;1;1;1;4;4;4;4;4;1;4;1;1;1;1;6;6;6;6;6;6;6;2;6;6;6;6;6;6;6;6;6;5,5;30;30
100;1;1;1;19;11;1; ;5; ;3;1; ;1; ; ;1;2;6;2;2;4;6;4;1;2;6;1;4;1;6;6;6;6;5;6;6;1;6;5;6;1;6;6;6;6;4;4,94444444444444;40;35
100;1;1;1;19;6;1; ;2; ;3;1; ;2; ; ;1;1;1;1;1;1;1;1;1;2;1;1;2;1;6;6;6;6;6;6;6;1;6;6;5;6;6;6;6;6;2;5,16666666666667;14;35
100;1;1;1;22;15;4; ;4; ;2;1; ;1; ; ;1;1;2;4;4;2;1;1;1;4;1;3;2;1;5;6;6;6;1;6;6;1;6;6;6;6;6;6;6;6;5;5,05555555555556;26;38
100;1;1;1;32;7;4; ;3; ;2;2; ;2; ; ;1;7;7;7;1;7;1;7;3;4;7;1;1;6;1;1;1;1;1;3;2;3;2;1;1;4;3;1;3;3;1;2,11111111111111;53;48
100;1;1;1;14;9;4; ;5; ;3;1; ;1; ; ;1;2;4;4;6;5;4;2;2;2;3;2;2;2;3;2;2;2;2;3;3;5;1;2;3;5;3;3;2;1;2;2,55555555555556;38;30
100;1;1;1;10;23;1; ;4; ;3;1; ;1; ; ;1;3;3;3;1;1;1;1;1;3;2;1;1;1;3;3;6;5;3;3;6;1;3;6;6;6;5;2;2;6;3;3,88888888888889;21;26
100;1;1;1;25;9;4; ;4; ;3;1; ;1; ; ;1;1;2;1;1;1;1;1;1;1;1;1;5;1;3;3;3;6;6;6;6;1;3;6;6;6;6;6;6;3;3;4,44444444444444;17;41
100;1;1;1;31;7;1; ;3; ;3;1; ;1; ; ;1;2;7;4;4;4;2;4;1;4;4;1;1;1;6;6;6;1;6;6;6;6;6;6;6;1;6;6;6;6;1;4,88888888888889;38;47
100;1;1;1;15;6;1; ;4; ;3;1; ;1; ; ;1;1;1;1;1;1;2;1;1;2;1;1;2;2;6;6;6;6;6;6;6;1;6;6;6;5;5;6;5;6;6;5,33333333333333;15;31
100;1;1;1;25;3;1; ;5; ;3;1; ;2; ; ;1;1;1;1;1;1;1;1;1;1;1;1;1;1;5;6;6;5;5;6;6;1;6;6;6;5;6;6;6;6;2;5;12;41
100;1;1;1;13;3;1; ;4; ;3;1; ;1; ; ;1;1;6;4;1;1;1;1;1;1;1;1;1;1;6;6;6;6;6;6;6;2;6;6;6;6;5;6;6;6;6;5,44444444444444;20;29
100;1;1;1;12;15;7;Nessuna relazione;5; ;3;2; ;2; ; ;1;2;2;3;4;3;2;2;2;2;3;1;1;5;1;2;4;3;1;2;1;4;1;5;1;4;3;1;5;1;1;2,5;27;28
100;1;1;1;13;11;1; ;4; ;2;1; ;1; ; ;1;1;6;4;1;4;1;1;1;7;1;1;1;1;6;6;6;6;6;6;6;2;3;6;6;5;6;6;5;6;2;5;29;29
100;1;1;1;39;11;4; ;5; ;3;1; ;1; ; ;1;4;1;1;3;7;2;1;1;1;2;1;1;1;4;4;6;4;3;3;5;1;2;3;5;5;6;6;6;5;1;3,88888888888889;25;55
100;1;1;1;30;11;1; ;4; ;3;1; ;1; ; ;1;1;2;6;1;2;4;1;1;4;1;1;1;3;4;5;6;5;6;6;4;2;4;2;6;5;4;6;6;3;2;4,38888888888889;25;46
100;1;1;1;33;3;3; ;5; ;3;1; ;1; ; ;1;7;6;6;1;4;2;1;1;2;1;1;1;2;6;6;6;6;2;6;6;3;6;3;5;6;3;6;5;4;5;4,77777777777778;33;49
100;1;1;1;12;3;5; ;5; ;3;1; ;1; ; ;1;2;3;1;4;2;4;2;1;2;1;1;4;2;6;6;6;6;6;6;6;3;6;6;6;6;6;6;6;6;2;5,38888888888889;27;28
100;1;1;1;22;3;1; ;4; ;3;1; ;1; ; ;1;3;2;5;5;1;2;1;1;1;1;1;2;1;6;6;6;6;6;6;6;1;6;6;6;6;6;6;6;6;5;5,38888888888889;25;38
100;1;1;1;16;3;5; ;4; ;3;1; ;1; ; ;1;2;1;1;6;2;2;2;1;2;3;2;4;1;2;2;5;5;6;6;6;2;2;6;6;6;6;6;6;3;2;4,33333333333333;28;32
100;1;1;1;29;17;1; ;4; ;3;1; ;1; ; ;1;2;2;2;1;4;4;1;1;2;1;1;2;2;4;5;6;5;2;6;6;2;6;6;6;3;6;6;6;6;3;4,77777777777778;23;45
100;1;1;1;7;7;1; ;2; ;3;1; ;1; ; ;1;1;6;4;1;2;1;1;1;4;1;1;4;1;6;3;6;5;3;4;6;1;3;6;3;3;6;6;6;4;1;4,05555555555556;27;23
100;1;1;1;19;17;1; ;4; ;3;1; ;1; ; ;1;4;7;7;7;4;1;1;1;3;1;1;1;1;6;6;6;6;6;6;6;1;6;6;6;3;6;6;6;6;3;5,11111111111111;38;35
100;1;1;1;27;16;1; ;4; ;3;1; ;1; ; ;1;1;2;1;6;2;2;1;1;1;1;1;1;1;6;6;6;6;1;6;6;1;6;6;6;6;6;6;6;6;6;5,16666666666667;20;43
100;1;1;1;9;3;4; ;4; ;3;1; ;1; ; ;1;2;3;3;4;1;2;2;1;1;2;1;1;1;6;6;6;6;6;6;6;1;6;6;6;6;6;6;6;3;4;5,16666666666667;23;25
100;1;1;1;13;3;6; ;5; ;3;2; ;1; ; ;1;3;7;1;1;2;4;3;1;2;2;1;1;1;6;6;6;6;5;6;6;1;6;6;6;5;6;6;6;6;5;5,27777777777778;28;29
100;1;1;1;13;3;1; ;4; ;3;1; ;1; ; ;1;2;4;6;1;2;6;2;2;2;1;1;1;3;5;6;6;5;4;5;6;3;3;3;5;4;6;6;3;3;4;4,44444444444444;30;29
100;1;1;1;13;3;1; ;5; ;3;2; ;1; ; ;1;4;2;2;3;1;2;1;1;1;1;1;2;1;6;6;6;6;6;6;6;1;5;6;6;6;6;6;6;6;4;5,27777777777778;21;29
100;1;1;1;13;11;2; ;5; ;3;2; ;1; ; ;1;1;2;3;1;3;4;3;3;4;3;1;1;2;4;6;6;5;6;5;5;2;6;6;5;5;6;6;5;4;5;4,94444444444444;29;29
100;1;1;1;19;9;1; ;5; ;3;2; ;1; ; ;1;1;2;4;1;1;4;4;7;4;1;1;1;1;6;6;6;6;6;6;6;1;6;6;6;6;6;6;5;6;5;5,33333333333333;31;35
100;1;1;1;21;14;1; ;5; ;3;1; ;2; ; ;1;4;7;6;6;7;4;4;4;7;4;1;1;1;5;6;6;5;1;6;6;2;5;4;6;6;6;6;4;5;4;4,66666666666667;55;37
100;1;1;1;5;3;1; ;4; ;3;2; ;2; ;Queer;1;1;6;3;2;2;1;1;1;1;1;2;2;2;5;5;6;5;5;6;6;2;2;6;5;5;5;6;6;2;3;4,55555555555556;23;21
100;1;1;1;5;15;4; ;4; ;3;1; ;2; ; ;1;2;6;1;1;2;1;1;4;2;1;1;1;1;3;3;6;6;6;6;6;2;3;6;6;5;6;6;6;6;2;4,72222222222222;23;21
100;1;1;1;11;3;1; ;5; ;3;1; ;1; ; ;1;2;7;7;1;1;1;1;7;1;1;1;1;1;6;6;6;6;6;6;6;1;4;6;6;6;6;6;6;6;2;5,11111111111111;31;27
100;1;1;1;15;3;1; ;5; ;3;1; ;2; ; ;1;2;7;6;1;1;1;1;1;1;2;1;1;1;6;6;6;6;6;6;6;1;6;6;6;6;6;6;3;6;5;5,22222222222222;25;31
100;1;1;1;9;15;1; ;4; ;3;1; ;1; ; ;1;1;7;7;2;7;1;1;1;6;1;1;1;2;5;6;6;6;6;6;6;1;5;5;5;3;5;6;5;2;3;4,61111111111111;36;25
100;1;1;1;11;15;6; ;5; ;3;1; ;1; ; ;1;1;4;1;2;2;2;1;1;1;3;2;1;1;5;6;6;6;5;6;6;2;6;5;6;6;6;6;6;6;5;5,27777777777778;21;27
100;1;1;1;10;11;1; ;5; ;3;1; ;1; ; ;1;1;2;3;2;2;1;1;1;1;1;1;1;1;6;6;6;6;3;6;6;1;6;6;6;6;6;6;6;6;5;5,22222222222222;17;26
100;1;1;1;7;11;4; ;5; ;3;2; ;1; ; ;1;3;3;2;3;5;4;2;2;2;2;1;2;3;2;2;4;2;2;2;2;5;2;1;2;3;2;3;2;1;2;2,33333333333333;31;23
100;1;1;1;9;15;1; ;5; ;3;1; ;1; ; ;1;1;5;2;1;4;1;1;1;4;1;1;1;1;6;6;6;6;3;5;6;1;6;5;6;3;6;6;6;4;4;4,77777777777778;23;25
100;1;1;1;16;11;1; ;5; ;3;1; ;1; ; ;1;2;7;7;2;6;6;4;1;2;1;1;2;1;4;5;6;5;2;6;6;2;6;6;6;6;6;6;6;5;5;4,94444444444444;41;32
100;1;1;1;12;9;1; ;5; ;3;2; ;1; ; ;1;1;6;2;1;1;1;1;1;4;1;1;1;1;6;6;6;6;6;6;6;1;5;6;6;5;5;6;6;6;5;5,22222222222222;21;28
100;1;1;1;10;11;1; ;5; ;3;1; ;2; ; ;1;3;2;4;1;2;1;1;1;1;2;1;1;2;5;6;6;5;5;5;6;1;6;6;6;6;3;6;6;6;2;4,88888888888889;20;26
100;1;1;1;19;3;6; ;5; ;3;4; ;4; ; ;1;5;5;5;1;4;4;4;1;6;2;1;1;3;6;6;6;4;2;2;4;3;6;2;3;4;3;2;3;6;6;3,94444444444444;39;35
100;1;1;1;8;9;1; ;5; ;3;2; ;1; ; ;1;5;3;3;2;4;4;4;4;3;3;1;1;1;6;6;6;5;3;5;6;2;5;6;5;5;5;6;5;5;5;4,83333333333333;37;24
100;1;1;1;7;11;6; ;4; ;3;1; ;1; ; ;1;1;4;3;2;7;1;1;1;2;2;1;1;2;3;3;5;4;2;2;4;2;2;5;4;6;2;5;6;6;2;3,61111111111111;26;23
100;1;1;1;6;15;1; ;3; ;1;1; ;1; ; ;1;1;2;4;1;1;1;4;1;3;1;1;1;2;6;5;6;5;6;6;6;6;6;6;6;6;6;6;6;6;3;5,5;21;22
100;1;1;1;16;14;1; ;5; ;3;1; ;1; ; ;1;1;3;3;1;1;4;1;1;4;1;1;1;1;6;6;6;6;6;6;6;1;6;6;6;4;6;6;6;6;5;5,27777777777778;22;32
100;1;1;1;48;3;1; ;5; ;3;9; ;2; ; ;1;2;1;2;1;3;1;1;1;1;1;1;4;1;6;6;6;6;6;6;6;1;6;6;6;6;6;6;6;6;6;5,44444444444444;19;64
100;1;1;1;18;7;1; ;5; ;3;2; ;2; ;Pansessuale;1;4;2;1;1;2;1;1;1;2;1;1;1;1;6;6;6;5;6;6;6;2;3;5;6;6;6;6;6;6;5;5,16666666666667;18;34
100;1;1;1;11;6;1; ;5; ;3;2; ;1; ; ;1;1;4;2;1;5;4;1;1;2;1;1;1;1;6;6;6;6;6;5;6;1;6;6;6;5;6;6;6;6;5;5,27777777777778;24;27
100;1;1;1;31;7;1; ;5; ;3;2; ;2; ; ;1;1;1;1;1;1;2;1;1;1;1;1;1;2;5;5;6;5;5;5;5;4;4;3;4;3;6;6;5;3;4;4,44444444444444;13;47
100;1;1;1;5;15;1; ;4; ;3;2; ;2; ;gay/queer/nessuna etichetta;1;5;6;4;1;3;1;1;1;3;2;1;1;1;5;5;6;5;6;5;6;3;6;6;6;5;6;6;6;6;6;5,27777777777778;29;21
100;1;1;1;9;11;7;Relazione monogama nella pratica, ma entrambe aperte ad altre esperienze;5; ;3;2; ;9; ;pansessuale;1;2;2;2;1;1;1;2;1;1;2;1;1;1;6;6;6;6;5;6;6;2;5;6;6;6;6;6;3;5;5;5,11111111111111;17;25
100;1;1;1;11;6;4; ;5; ;3;1; ;1; ; ;1;1;2;2;1;1;1;1;1;2;1;1;3;3;3;5;3;3;3;2;5;3;3;4;3;5;4;2;2;2;2;3,16666666666667;17;27
100;1;1;1;12;11;4; ;5; ;3;1; ;2; ; ;1;1;4;4;1;1;1;1;1;1;2;1;1;1;3;6;6;6;6;6;6;3;5;6;5;5;6;6;5;4;2;4,83333333333333;19;28
100;1;1;1;13;3;1; ;5; ;3;1; ;1; ; ;1;4;6;7;4;1;1;2;1;4;2;1;1;3;2;3;6;3;3;2;6;1;3;3;3;5;3;2;3;3;2;3,11111111111111;34;29
100;1;1;1;12;11;1; ;5; ;3;1; ;1; ; ;1;4;4;2;1;5;2;1;1;6;1;1;1;1;6;6;6;6;2;5;6;1;6;6;6;6;6;6;6;6;5;5,11111111111111;29;28
100;1;1;1;18;11;1; ;5; ;3;1; ;1; ; ;1;5;4;4;1;2;1;4;1;1;4;1;5;2;6;6;6;5;6;6;6;1;6;6;6;6;6;6;6;6;6;5,44444444444444;33;34
100;1;1;1;4;11;1; ;4; ;3;1; ;1; ; ;1;3;3;3;7;4;4;1;4;3;1;1;2;1;5;6;6;6;6;6;6;1;6;6;6;6;6;6;5;6;5;5,27777777777778;36;20
100;1;1;1;15;11;4; ;5; ;3;2; ;2; ; ;1;1;3;4;1;3;1;1;1;1;1;1;1;1;5;5;6;5;5;6;6;3;5;5;6;5;6;6;5;5;5;5;19;31
100;1;1;1;11;11;7;Vivo le relazioni, e scopro quelle che ancora non conosco, in modo totalmente libero, senza avere nessun preconcetto o idea prima, e senza voler definire la relazione;5; ;3;1; ;1; ;Sono demisessuale e pansessuale;1;2;2;4;2;6;2;1;1;4;2;1;2;3;4;4;5;3;5;3;3;4;5;5;4;3;3;3;4;2;2;3,61111111111111;29;27
100;1;1;1;7;9;1; ;4; ;3;2; ;2; ; ;1;1;3;2;1;2;2;1;1;1;1;1;2;2;4;5;6;5;5;4;4;2;5;3;3;5;4;5;3;4;3;4;18;23
100;1;1;1;29;11;1; ;5; ;3;1; ;1; ; ;1;1;2;2;2;1;1;2;1;1;1;1;2;1;5;5;6;5;4;2;6;1;4;3;5;6;3;2;2;6;2;3,77777777777778;17;45
100;1;1;1;12;5;1; ;5; ;3;1; ;1; ; ;1;2;3;2;1;1;1;1;1;1;2;1;1;2;6;6;6;6;6;6;6;1;6;6;6;5;6;6;6;5;5;5,33333333333333;17;28
100;1;1;1;8;11;1; ;5; ;3;1; ;1; ; ;1;1;6;3;3;1;2;1;1;3;1;1;1;1;3;5;6;5;3;5;5;2;3;6;6;6;6;6;6;3;2;4,38888888888889;24;24
100;1;1;1;8;6;1; ;5; ;3;2; ;1; ; ;1;1;2;2;1;4;2;4;1;3;2;1;1;2;4;5;6;3;3;5;6;2;5;3;5;5;6;6;5;3;5;4,38888888888889;24;24
100;1;1;1;9;18;1; ;4; ;3;1; ;1; ; ;1;1;2;1;1;1;2;7;1;2;1;1;1;2;6;6;6;3;1;4;6;2;3;6;3;3;4;6;3;6;5;4,16666666666667;21;25
100;1;1;1;16;11;1; ;3; ;3;1; ;1; ; ;1;1;3;3;1;3;1;1;1;3;2;1;1;1;5;5;6;6;3;5;6;1;6;6;5;6;6;6;6;5;3;4,83333333333333;21;32
100;1;1;1;21;11;4; ;5; ;3;1; ;1; ; ;1;1;4;4;4;1;2;1;1;2;1;1;1;1;5;6;6;6;5;5;6;2;5;6;6;5;6;6;6;5;5;5,11111111111111;23;37
100;1;1;1;7;11;4; ;6;Laureanda;3;1; ;2; ;Lesbica ma non escludo future relazioni con persone di genere non femminile;1;2;4;4;1;4;2;2;2;4;1;1;1;1;2;4;6;6;5;6;6;3;6;6;6;5;6;6;6;5;1;4,77777777777778;28;23
100;1;1;1;9;11;1; ;6;PhD;3;2; ;1; ; ;1;7;7;7;5;6;4;2;1;4;2;1;4;2;3;6;6;5;5;5;4;2;1;3;6;5;6;5;5;3;1;4,05555555555556;50;25
100;1;1;1;10;14;1; ;4; ;3;1; ;1; ; ;1;2;2;3;1;2;1;1;1;1;2;1;2;1;5;5;5;5;6;6;2;2;3;6;6;6;5;6;6;5;2;4,55555555555556;19;26
100;1;1;1;16;10;1; ;5; ;3;3; ;2; ; ;1;1;4;4;1;1;1;1;1;4;1;1;1;3;2;2;6;4;1;1;2;1;2;3;3;6;4;6;5;6;2;3,27777777777778;21;32
100;1;1;1;7;15;4; ;4; ;1;2; ;2; ; ;1;2;3;5;2;2;3;2;1;3;2;1;1;1;5;6;6;5;5;3;6;5;3;5;5;5;5;6;6;2;5;4,66666666666667;27;23
100;1;1;1;21;6;1; ;5; ;3;1; ;1; ; ;1;2;5;2;1;7;2;4;1;4;2;1;1;1;6;6;6;5;5;4;6;3;6;6;6;5;6;6;6;6;5;5,22222222222222;32;37
100;1;1;1;8;8;1; ;4; ;3;1; ;1; ; ;1;1;3;3;1;1;2;1;1;1;1;1;1;1;6;6;6;6;6;6;6;1;6;6;6;6;6;6;6;6;5;5,38888888888889;17;24
100;1;1;1;7;3;1; ;5; ;1;1; ;1; ;Queer;1;1;7;7;1;4;2;1;1;6;1;1;1;1;6;6;6;6;5;6;6;1;6;6;6;6;6;6;6;6;5;5,33333333333333;33;23
100;1;1;1;16;10;2; ;5; ;3;1; ;2; ;Non eterosessuale;1;1;1;2;1;7;4;4;4;2;1;1;1;1;3;5;6;5;6;6;3;2;2;6;5;5;6;6;6;2;6;4,5;29;32
100;1;1;1;8;6;1; ;5; ;3;1; ;1; ; ;1;3;5;2;1;2;1;1;1;2;3;1;2;2;3;4;4;4;5;4;5;1;2;6;5;3;6;3;3;6;4;3,88888888888889;24;24
100;1;1;1;19;9;1; ;5; ;3;9; ;2; ; ;1;2;2;3;1;2;1;1;1;2;1;1;1;1;5;6;6;6;5;6;6;1;6;6;6;6;6;6;6;6;5;5,27777777777778;18;35
100;1;1;1;16;11;1; ;5; ;3;1; ;2; ; ;1;2;2;2;5;2;2;3;1;3;2;1;4;2;5;5;6;3;3;6;6;2;5;5;6;6;5;6;5;5;5;4,77777777777778;29;32
100;1;1;1;9;16;5; ;4; ;3;1; ;1; ; ;1;1;6;4;1;4;1;1;1;3;1;1;5;4;2;5;6;6;4;2;1;2;1;6;6;6;6;6;6;6;1;4,22222222222222;29;25
100;1;1;1;18;4;1; ;5; ;3;1; ;1; ; ;1;1;2;4;1;1;4;4;4;4;1;1;1;1;6;6;6;6;6;6;6;1;6;6;6;6;6;6;6;6;6;5,44444444444444;28;34
100;1;1;1;18;7;1; ;5; ;3;1; ;1; ; ;1;7;2;5;1;4;4;1;1;2;1;1;1;1;6;6;6;6;6;6;6;1;6;6;6;5;6;6;6;6;3;5,22222222222222;30;34
100;1;1;1;6;7;4; ;5; ;3;2; ;2; ; ;1;1;3;2;2;4;2;1;1;1;2;1;1;2;3;2;6;4;2;2;6;6;2;1;3;5;5;6;6;6;2;3,83333333333333;21;22
100;1;1;1;22;17;1; ;5; ;3;1; ;1; ; ;1;3;3;3;3;3;4;4;2;5;2;1;2;2;5;6;6;5;6;6;6;1;6;5;5;4;4;6;6;3;2;4,66666666666667;35;38
100;1;1;1;6;20;4; ;4; ;3;2; ;3; ;Queer;1;2;5;6;3;7;4;4;4;4;2;1;1;3;3;4;6;3;5;5;6;3;5;3;4;5;3;6;3;5;2;4,11111111111111;43;22
100;1;1;1;7;16;7;Frequentando;4; ;3;2; ;2; ;Biromantica;1;4;5;2;5;4;1;2;2;2;3;1;2;2;5;6;5;4;3;3;6;3;5;6;5;3;6;6;5;5;5;4,61111111111111;33;23
100;1;1;1;6;2;1; ;4; ;3;1; ;1; ; ;1;2;2;1;4;1;1;2;1;1;2;1;1;1;6;6;6;5;6;6;6;1;5;6;6;6;6;6;6;6;5;5,27777777777778;19;22
100;1;1;1;25;11;1; ;5; ;3;1; ;1; ;Lesbica;1;2;3;2;1;2;2;2;1;1;2;1;1;1;2;6;6;6;6;6;6;1;6;6;6;5;6;6;6;6;6;5,16666666666667;20;41
100;1;1;1;20;11;1; ;5; ;3;1; ;1; ; ;1;1;2;2;1;1;1;2;1;2;1;1;1;1;6;6;6;6;6;6;6;1;6;6;6;6;1;6;6;6;5;5,11111111111111;16;36
100;1;1;1;25;11;1; ;4; ;3;1; ;1; ;Lesbica;1;5;7;4;4;2;1;2;1;2;3;2;1;2;4;3;6;5;6;6;6;1;5;4;3;5;6;6;6;5;2;4,5;34;41
100;1;1;1;11;15;1; ;5; ;3;2; ;1; ;queer;1;3;3;3;1;6;3;3;4;3;3;1;1;2;6;6;6;6;5;5;6;1;6;5;6;6;5;6;5;6;5;5,16666666666667;34;27
100;1;1;1;13;9;2; ;5; ;3;1; ;1; ; ;1;1;3;2;1;1;1;4;4;1;2;1;1;1;3;5;6;4;2;4;6;2;5;4;3;5;5;6;5;3;4;4,05555555555556;22;29
100;1;1;1;20;17;1; ;6;Dottorato di ricerca;3;2; ;1; ;Lesbica,alle volte mi sono sentita pansessuale perché attratta da f to m;1;2;1;2;4;1;4;2;4;2;1;1;1;2;5;6;6;5;6;6;6;2;3;6;5;5;4;6;3;5;3;4,66666666666667;25;36
100;1;1;1;22;18;1; ;5; ;3;2; ;2; ; ;1;2;5;3;1;4;4;3;1;3;2;1;1;3;5;4;5;4;2;5;6;4;2;5;4;5;5;4;6;3;5;4,27777777777778;30;38
100;1;1;1;5;4;1; ;4; ;3;1; ;1; ; ;1;1;6;2;1;1;2;1;1;2;1;1;1;1;6;6;6;6;6;6;6;1;6;6;6;6;6;6;6;6;6;5,44444444444444;20;21
100;1;1;1;5;11;4; ;4; ;3;1; ;1; ; ;1;6;6;4;1;1;3;2;2;1;1;1;1;2;6;6;6;4;6;5;6;2;1;1;5;6;6;6;6;6;2;4,55555555555556;29;21
100;1;1;1;10;10;1; ;5; ;3;2; ;1; ; ;1;3;4;5;1;2;4;4;2;4;4;1;1;3;5;4;6;4;6;6;6;2;6;6;6;3;5;6;6;6;4;5;35;26
100;1;1;1;14;11;1; ;4; ;3;1; ;1; ; ;1;6;7;4;1;4;1;4;1;2;4;4;1;1;6;6;6;6;6;3;6;1;6;6;6;5;6;6;6;6;6;5,22222222222222;39;30
100;1;1;1;11;11;1; ;5; ;3;2; ;1; ; ;1;2;2;3;1;1;1;1;1;1;1;1;1;2;3;4;4;4;4;2;5;3;2;3;2;4;4;5;3;2;2;3,22222222222222;16;27
100;1;1;1;5;11;1; ;4; ;3;10;ancora molto confusa;10;ancora molto confusa; ;1;2;3;4;1;1;1;2;1;1;2;1;1;1;3;5;3;4;6;2;3;3;1;1;2;2;5;4;3;3;5;3,11111111111111;20;21
100;1;1;1;12;11;1; ;5; ;3;2; ;1; ; ;1;5;7;2;4;1;1;2;1;1;6;1;1;1;6;6;6;6;6;5;6;1;6;6;5;6;6;6;6;6;4;5,22222222222222;32;28
100;1;1;1;6;11;1; ;5; ;3;1; ;2; ; ;1;2;5;3;2;3;2;2;2;2;3;1;1;2;5;6;6;5;6;3;6;2;4;6;3;6;5;3;6;6;2;4,55555555555556;28;22
100;1;1;1;7;11;1; ;4; ;3;1; ;1; ; ;1;2;6;3;1;5;1;2;1;2;1;1;1;1;6;6;6;6;6;6;6;1;6;6;6;6;6;6;6;6;5;5,38888888888889;26;23
100;1;1;1;6;11;4; ;4; ;3;1; ;2; ; ;1;5;6;5;2;5;2;5;2;2;5;1;2;2;5;5;6;5;5;4;5;2;2;6;5;4;5;5;5;3;2;4,22222222222222;42;22
100;1;1;1;4;11;5; ;4; ;3;1; ;1; ; ;1;2;3;4;2;2;2;4;2;4;2;1;1;1;6;6;6;5;6;6;6;2;5;6;6;5;6;6;5;5;3;5,05555555555556;29;20
100;1;1;1;6;11;4; ;5; ;3;2; ;1; ; ;1;3;5;3;5;1;1;3;2;2;2;1;1;2;5;4;6;5;6;3;6;2;3;6;3;2;5;3;5;4;2;4;29;22
82;0;1;1;8;15;1; ;5; ;3;1; ;1; ;Lesbica;1;4;6;3;1;4;1;1;1;1;1;1;1;1;6;6;6;6;6;6;6;2;6;6;6;5;6;6;6;5;4;5,27777777777778;25;24
84;0;1;1;20;8;4; ;5; ;3;1; ;1; ; ;1;1;2;3;2;4;3;2;1;2;2;1;2;2;5;5;6;5;5;5;5;2;5;5;5;5;5;5;5;5;5;4,72222222222222;25;36
86;0;1;1;7;11;4; ;6;Laureanda;3;1; ;2; ;Non escludo che nel futuro io possa provare attrazione per altri generi;1;2;4;7;1;4;4;2;3;4;1;1;1;1;1;4;6;3;4;6;6;3;4;6;5;5;5;6;6;3;1;4,16666666666667;34;23
84;0;1;1;14;6;2; ;5; ;3;2; ;2; ; ;1;2;7;7;1;6;1;2;1;1;2;1;1;1;5;6;6;5;6;5;5;2;5;6;5;4;6;6;6;3;6;4,88888888888889;32;30
86;0;1;1;8;14;2; ;5; ;3;2; ;1; ; ;1;1;2;3;1;2;4;4;4;2;1;1;2;2;6;6;6;5;1;6;5;2;4;5;6;5;5;6;6;5;4;4,72222222222222;27;24
100;1;1;1;16;11;1; ;5; ;3;9; ;2; ;Pansessuale;2;1;2;4;4;4;4;1;1;2;2;1;2;1;6;6;6;6;6;5;6;1;3;5;5;5;3;4;3;5;4;4,44444444444444;28;32
100;1;1;1;12;10;1; ;5; ;3;4; ;4; ; ;2;2;1;1;1;2;1;1;1;1;2;1;1;1;5;6;6;6;6;6;6;1;5;6;6;6;6;6;6;6;5;5,27777777777778;15;28
100;1;1;1;14;14;2; ;5; ;3;3; ;2; ;Pansessuale;2;1;5;2;1;6;1;1;1;1;1;1;1;1;5;5;5;5;2;3;5;2;5;5;5;5;5;5;5;5;5;4,33333333333333;22;30
100;1;1;1;8;9;2; ;5; ;3;3; ;9; ;Pansessuale;2;2;5;5;1;3;4;2;1;2;1;1;1;2;5;6;6;5;4;6;6;1;3;3;6;6;5;4;4;6;2;4,44444444444444;28;24
100;1;1;1;9;15;5; ;5; ;3;9; ;9; ;Pansessuale;2;1;2;1;3;7;4;2;1;1;1;1;1;1;5;5;6;5;5;5;6;2;6;5;6;6;6;6;6;6;3;5;25;25
100;1;1;1;13;7;2; ;4; ;3;3; ;4; ; ;2;2;4;2;1;2;2;1;1;2;2;1;2;2;5;5;6;4;5;3;6;2;6;6;5;6;6;5;3;5;5;4,72222222222222;22;29
100;1;1;1;8;17;1; ;4; ;3;3; ;4; ;Bisessuale;2;1;7;6;4;4;3;3;4;4;2;1;1;1;6;6;6;6;5;5;5;1;6;6;6;5;6;6;6;6;6;5,22222222222222;40;24
100;1;1;1;7;3;4; ;4; ;3;3; ;3; ; ;2;2;3;2;1;1;1;2;2;1;2;1;1;2;3;5;6;5;3;3;5;2;5;6;5;6;6;6;5;6;2;4,5;19;23
100;1;1;1;18;10;2; ;4; ;3;4; ;9; ;Panromantica Demisessuale;2;5;6;4;1;1;1;1;1;3;2;1;1;1;6;5;6;6;6;5;6;1;6;1;6;6;6;6;6;6;6;5,05555555555556;27;34
100;1;1;1;10;13;1; ;5; ;3;9; ;9; ;Bisessuale;2;1;2;3;1;1;1;1;1;1;1;1;1;1;5;6;6;6;6;6;5;2;6;6;5;6;6;5;5;5;5;5,11111111111111;15;26
100;1;1;1;11;16;2; ;4; ;3;4; ;6; ; ;2;1;7;7;1;5;2;2;1;4;1;1;1;1;6;6;6;6;6;6;6;2;6;6;6;6;6;6;6;6;5;5,44444444444444;33;27
100;1;1;1;39;14;2; ;5; ;3;6; ;6; ; ;2;2;5;6;1;6;1;2;1;6;2;1;1;1;5;6;6;6;5;5;6;1;3;5;6;6;6;6;6;6;6;5,05555555555556;34;55
100;1;1;1;20;16;2; ;5; ;3;9; ;7; ; ;2;6;2;2;1;2;1;4;1;2;6;1;1;1;5;6;5;5;6;6;6;1;4;6;5;6;6;5;6;2;3;4,66666666666667;29;36
100;1;1;1;10;11;2; ;5; ;3;9; ;9; ; ;2;1;2;1;1;1;1;1;1;3;1;1;1;1;6;6;6;5;5;6;6;1;6;5;6;6;6;6;6;6;6;5,27777777777778;15;26
100;1;1;1;11;17;2; ;5; ;3;9; ;9; ;Pansessuale;2;5;6;4;2;4;4;3;1;1;2;1;2;2;3;5;6;5;5;5;6;2;2;5;5;5;6;5;6;5;3;4,5;35;27
100;1;1;1;10;12;1; ;4; ;3;6; ;7; ;Eteroflessibile;2;6;5;6;2;6;2;4;1;2;6;1;2;2;2;3;2;4;2;3;2;5;1;2;4;3;3;1;1;1;1;2,33333333333333;43;26
100;1;1;1;14;11;3; ;2; ;3;2; ;9; ;Lesbocuriosa;2;3;4;7;6;7;6;6;5;4;6;7;5;2;4;3;2;2;2;2;4;3;2;2;2;2;3;3;3;2;2;2,5;66;30
100;1;1;1;24;11;2; ;5; ;3;5; ;7; ;Bicuriosa;2;2;2;6;2;4;4;4;1;4;2;1;4;1;6;6;6;6;6;6;6;2;6;6;6;5;6;6;3;6;5;5,22222222222222;36;40
100;1;1;1;9;18;1; ;5; ;3;5; ;5; ; ;2;7;4;6;1;6;6;1;7;4;1;1;1;2;3;5;6;5;6;6;6;1;4;6;6;5;6;6;6;3;2;4,66666666666667;45;25
100;1;1;1;6;7;2; ;4; ;3;9; ;9; ;Pansessuale;2;2;6;2;1;1;1;1;1;2;2;1;2;2;3;5;6;6;6;6;6;1;3;6;6;5;6;6;3;5;2;4,61111111111111;22;22
100;1;1;1;20;5;5; ;6;Diploma e specializzazioni attraverso scuole;3;9; ;9; ;Pansessuale;2;1;2;2;1;2;4;4;1;2;1;1;1;1;6;6;6;6;5;6;6;5;6;6;6;6;6;6;6;6;3;5,44444444444444;22;36
100;1;1;1;19;9;2; ;5; ;3;5; ;9; ;pansessuale;2;1;3;2;4;1;2;1;2;1;1;1;1;3;3;3;3;3;3;3;4;2;4;3;3;5;4;3;2;4;5;3,33333333333333;20;35
100;1;1;1;29;11;1; ;5; ;3;3; ;1; ; ;2;2;3;3;2;2;2;2;1;1;1;1;2;2;2;3;6;4;2;4;4;5;2;6;4;4;6;6;2;2;1;3,61111111111111;22;45
100;1;1;1;24;15;1; ;4; ;3;4; ;4; ; ;2;2;2;2;1;1;4;1;1;1;1;1;1;2;4;4;6;6;6;6;6;1;4;6;6;6;6;6;6;6;5;5,11111111111111;18;40
100;1;1;1;6;14;5; ;4; ;3;9; ;9; ; ;2;7;7;6;1;4;4;2;2;4;1;1;1;2;6;6;6;5;6;6;6;2;6;6;6;6;6;6;5;6;5;5,38888888888889;40;22
100;1;1;1;17;16;2; ;5; ;3;9; ;6; ;Bisessuale, pansessuale;2;2;5;6;1;2;2;1;1;3;3;1;2;1;5;6;6;6;4;6;6;1;6;6;6;6;6;6;6;6;6;5,27777777777778;29;33
100;1;1;1;23;8;2; ;4; ;3;5; ;6; ; ;2;2;2;2;1;2;1;1;1;2;1;1;1;2;5;5;6;5;6;6;6;1;5;6;6;6;6;6;6;3;2;4,88888888888889;17;39
100;1;1;1;9;14;1; ;4; ;3;9; ;9; ;Bisessuale, pansessuale;2;1;6;2;1;1;1;1;1;1;1;1;1;2;3;5;5;5;6;3;6;2;6;6;6;6;6;6;3;5;6;4,83333333333333;18;25
100;1;1;1;10;7;2; ;5; ;3;3; ;2; ; ;2;2;2;3;1;1;1;2;1;1;1;1;1;1;5;6;6;5;5;6;6;2;6;6;6;6;6;5;5;6;6;5,22222222222222;17;26
100;1;1;1;18;11;2; ;5; ;3;6; ;5; ;sapiosessuale;2;3;3;3;2;1;2;2;1;2;2;1;2;2;3;4;4;4;5;3;3;1;2;4;4;5;5;3;2;2;2;3,22222222222222;24;34
100;1;1;1;15;11;2; ;5; ;3;3; ;4; ;Queer;2;1;5;5;4;6;4;3;4;2;1;1;1;1;6;6;6;6;6;3;6;2;6;6;5;6;6;6;2;2;2;4,61111111111111;37;31
100;1;1;1;9;15;1; ;5; ;3;5; ;3; ; ;2;2;5;6;1;6;4;1;1;4;2;1;4;1;6;6;6;6;1;6;6;1;6;6;6;6;6;6;6;6;5;5,11111111111111;37;25
100;1;1;1;18;9;1; ;5; ;3;2; ;4; ; ;2;1;2;3;3;3;4;1;7;4;1;1;1;1;6;6;6;6;6;6;6;1;6;6;6;6;6;6;6;6;6;5,44444444444444;31;34
100;1;1;1;11;14;4; ;4; ;3;5; ;4; ; ;2;1;2;1;1;2;4;3;1;1;2;1;2;3;2;5;6;3;5;6;6;1;2;3;3;6;4;6;2;2;1;3,66666666666667;21;27
100;1;1;1;11;7;1; ;4; ;3;3; ;3; ;Pansessuale;2;2;2;4;1;1;2;1;1;3;1;1;1;1;6;6;6;6;6;6;6;1;6;6;6;6;6;6;6;6;6;5,44444444444444;20;27
100;1;1;1;21;18;5; ;5; ;3;5; ;6; ;Queer;2;2;1;2;1;1;1;1;1;1;1;1;1;1;5;5;6;5;6;4;5;2;2;6;5;5;4;6;6;3;2;4,33333333333333;14;37
100;1;1;1;18;7;4; ;5; ;3;4; ;5; ; ;2;1;4;2;1;1;1;1;1;1;1;1;1;2;4;3;5;3;5;5;6;4;5;3;4;5;6;5;5;3;3;4,22222222222222;16;34
100;1;1;1;16;17;2; ;4; ;3;9; ;9; ;Pansessuale;2;1;4;2;1;1;1;1;1;1;1;1;1;1;6;6;6;6;6;6;6;1;6;6;6;6;6;6;6;6;6;5,44444444444444;16;32
100;1;1;1;16;10;1; ;4; ;3;5; ;7; ;Eteroflessibile;2;5;7;4;5;1;1;2;1;4;2;1;1;1;5;5;6;5;5;5;5;2;4;3;5;5;3;6;2;2;2;3,94444444444444;34;32
100;1;1;1;13;9;1; ;4; ;3;4; ;4; ; ;2;2;2;4;1;1;1;1;1;1;1;1;1;1;3;6;6;5;5;6;4;2;6;6;6;6;6;6;6;3;2;4,72222222222222;17;29
100;1;1;1;17;9;1; ;4; ;3;4; ;4; ; ;2;3;5;5;1;1;1;4;1;3;2;1;2;2;4;4;6;5;3;5;5;2;5;3;5;2;3;5;2;2;2;3,61111111111111;29;33
100;1;1;1;7;14;1; ;5; ;3;9; ;9; ; ;2;1;2;4;1;4;3;4;2;3;1;1;1;1;5;6;6;5;5;3;5;1;3;5;5;6;5;6;2;6;5;4,44444444444444;27;23
100;1;1;1;12;12;2; ;5; ;3;3; ;9; ; ;2;2;3;1;2;2;1;1;1;2;2;1;2;2;5;5;6;5;5;5;3;2;5;5;5;6;5;5;5;2;4;4,44444444444444;20;28
100;1;1;1;8;19;2; ;4; ;3;3; ;2; ; ;2;5;3;2;1;2;4;2;1;6;2;1;1;3;4;4;6;3;5;4;3;3;4;2;5;4;3;5;5;2;4;3,83333333333333;30;24
100;1;1;1;22;9;1; ;5; ;3;6; ;5; ; ;2;4;3;6;1;2;4;3;3;3;2;1;2;3;3;3;5;3;2;3;3;4;2;3;2;4;3;2;1;4;5;3,05555555555556;34;38
100;1;1;1;9;17;1; ;4; ;3;4; ;4; ;Pansessuale;2;1;5;3;1;4;3;1;1;2;1;1;1;1;6;6;6;6;6;6;6;1;6;6;6;6;6;6;6;6;6;5,44444444444444;24;25
100;1;1;1;19;23;5; ;5; ;3;9; ;9; ; ;2;2;2;2;1;2;3;2;1;4;1;1;2;1;4;5;4;5;3;4;6;2;5;4;5;5;5;6;6;3;4;4,27777777777778;23;35
100;1;1;1;8;9;1; ;5; ;3;2; ;2; ;Bisessuale;2;1;3;1;1;1;1;1;1;1;1;1;1;2;6;6;5;5;6;5;6;1;6;6;6;6;6;6;6;5;5;5,22222222222222;14;24
100;1;1;1;6;19;5; ;4; ;3;6; ;6; ; ;2;2;2;3;2;2;3;2;2;5;2;1;1;1;5;5;6;5;4;5;5;4;5;6;5;6;6;5;2;5;5;4,72222222222222;27;22
100;1;1;1;11;3;1; ;5; ;3;9; ;9; ;Pansessuale;2;1;6;2;1;1;1;4;1;4;2;1;1;2;5;5;6;5;6;5;6;1;6;6;6;6;6;6;6;6;5;5,22222222222222;25;27
100;1;1;1;8;17;2; ;5; ;3;9; ;2; ; ;2;1;2;2;1;1;2;1;1;2;1;1;1;1;3;6;6;4;4;3;3;3;2;6;6;6;6;6;6;1;2;4,11111111111111;16;24
100;1;1;1;5;6;4; ;4; ;3;4; ;6; ; ;2;1;3;2;2;4;3;1;1;2;1;1;1;1;4;4;6;4;2;2;6;2;1;6;2;5;6;6;2;1;4;3,55555555555556;22;21
100;1;1;1;9;23;2; ;5; ;3;9; ;9; ; ;2;7;6;1;1;1;1;1;1;1;1;1;1;1;5;5;6;5;6;6;6;2;6;3;6;6;6;6;6;3;2;4,77777777777778;23;25
100;1;1;1;10;3;2; ;4; ;3;9; ;9; ;Pansessuale, gender-questioning;2;1;3;4;2;3;1;1;1;1;1;1;1;3;4;6;6;6;6;6;6;2;5;3;5;6;5;6;6;5;5;5,05555555555556;20;26
100;1;1;1;8;3;2; ;4; ;3;3; ;2; ; ;2;1;6;3;1;2;1;1;1;2;1;1;1;1;6;6;6;6;6;6;6;1;6;6;6;6;6;6;6;5;5;5,33333333333333;21;24
100;1;1;1;15;6;1; ;5; ;3;5; ;4; ; ;2;1;1;1;1;1;1;1;1;1;1;1;1;1;6;6;6;6;6;6;6;1;6;6;6;6;6;6;6;6;6;5,44444444444444;12;31
100;1;1;1;11;13;5; ;5; ;3;4; ;4; ;Bisessuale/queer;2;2;3;3;2;4;2;1;1;1;3;1;2;1;4;6;5;5;6;5;6;3;6;6;5;5;5;5;6;5;3;4,83333333333333;25;27
100;1;1;1;32;14;1; ;4; ;3;4; ;3; ; ;2;2;2;1;1;3;1;2;1;4;2;1;1;2;3;3;6;5;6;5;6;1;6;5;6;4;6;6;4;6;3;4,61111111111111;21;48
100;1;1;1;5;11;2; ;4; ;3;5; ;4; ; ;2;2;2;2;1;2;2;2;1;2;1;1;1;1;5;6;6;6;5;3;6;2;6;5;6;5;6;6;6;4;2;4,77777777777778;19;21
100;1;1;1;18;11;1; ;4; ;3;4; ;6; ;Bisessuale;2;1;3;2;1;2;3;1;1;4;1;1;1;1;5;6;6;6;6;6;6;1;6;6;6;6;6;6;6;6;6;5,38888888888889;21;34
100;1;1;1;7;3;5; ;5; ;3;9; ;9; ;Queer, pan, no label;2;3;6;5;3;5;2;4;4;3;3;2;2;3;2;3;4;3;3;2;3;5;3;4;2;2;4;2;2;1;2;2,77777777777778;42;23
100;1;1;1;8;11;6; ;5; ;1;4; ;5; ; ;2;4;6;7;4;7;2;1;1;4;1;2;1;3;2;4;2;4;5;5;5;2;5;2;5;6;2;3;6;3;2;3,66666666666667;40;24
100;1;1;1;15;18;2; ;3; ;3;9; ;9; ;Pansessuale;2;1;1;2;3;1;4;1;1;1;1;1;1;1;3;5;6;5;6;2;6;3;4;6;6;6;6;6;6;3;1;4,5;18;31
100;1;1;1;9;9;1; ;5; ;3;3; ;1; ;Bisessuale, queer;2;3;2;2;1;3;4;4;1;1;4;1;1;1;6;6;6;5;4;4;5;1;4;6;6;6;6;6;6;6;5;4,94444444444444;27;25
100;1;1;1;20;18;1; ;5; ;3;9; ;9; ; ;2;1;1;1;1;3;3;1;3;2;1;1;1;1;5;6;6;5;6;6;4;2;6;6;6;6;6;6;6;5;3;5,05555555555556;19;36
100;1;1;1;10;11;2; ;4; ;3;9; ;9; ;Pansessuale;2;1;2;5;1;4;2;2;1;2;1;1;1;5;2;2;6;3;3;3;3;5;3;1;1;6;3;2;1;4;1;3;23;26
100;1;1;1;15;3;5; ;5; ;3;6; ;9; ;Queer;2;2;2;2;1;1;2;3;1;4;2;1;5;1;5;6;6;6;6;5;6;3;6;6;6;5;6;6;6;6;5;5,33333333333333;26;31
100;1;1;1;2;11;4; ;4; ;3;3; ;4; ; ;2;1;4;4;4;4;4;4;1;7;1;4;4;1;6;6;6;6;6;6;6;3;6;6;6;6;6;6;6;6;6;5,55555555555556;42;18
100;1;1;1;17;9;2; ;4; ;3;4; ;4; ;Bisessuale;2;6;6;4;6;2;2;1;1;4;1;5;5;1;6;6;6;6;1;6;6;2;6;6;6;6;6;6;6;2;6;5;43;33
100;1;1;1;11;17;2; ;5; ;3;4; ;4; ; ;2;2;6;2;1;1;1;1;1;2;1;1;1;1;5;6;6;5;1;3;6;1;3;6;6;6;6;6;6;6;6;4,72222222222222;20;27
82;0;1;1;24;7;7;Da single monogama ad anarchica relazionale;5; ;3;6; ;6; ; ;2;1;1;1;1;1;1;1;1;1;1;1;1;1;4;3;3;3;3;3;3;5;3;5;4;5;5;5;3;3;5;3,66666666666667;12;40
86;0;1;1;12;16;4; ;5; ;3;4; ;4; ; ;2;5;5;5;4;7;7;6;7;6;5;2;1;2;3;3;3;3;5;3;6;5;3;3;4;4;5;2;2;1;1;3,22222222222222;60;28
86;0;1;1;15;9;1; ;5; ;3;4; ;9; ; ;2;2;2;4;1;1;1;4;1;4;1;1;1;2;4;6;6;3;2;5;6;1;3;5;6;6;5;6;5;3;2;4,22222222222222;23;31
84;0;1;1;14;15;1; ;5; ;3;9; ;9; ;Bisessuale;2;2;6;6;1;5;1;1;1;1;1;1;1;1;6;6;6;6;6;6;6;3;6;6;6;6;6;6;6;6;6;5,55555555555556;27;30
94;0;1;1;18;7;4; ;4; ;3;4; ;5; ; ;2;5;5;3;1;2;2;1;1;2;1;1;1;1;5;5;6;5;6;6;6;2;2;6;6;6;6;6;5;2;1;4,55555555555556;25;34
100;1;1;1;9;11;2; ;3; ;2;4; ;7; ; ;2;3;4;3;1;1;1;2;1;4;1;1;1;2;6;6;6;5;6;6;6;2;5;6;6;6;6;6;5;5;5;5,27777777777778;23;25
100;1;1;1;18;11;1; ;5; ;3;1; ;2; ; ;2;2;1;4;1;1;1;1;1;1;1;1;1;1;6;6;6;6;6;6;6;1;6;6;6;5;6;6;5;6;5;5,27777777777778;16;34
100;1;1;1;12;3;6; ;5; ;3;9; ;9; ; ;2;1;6;2;2;3;4;3;1;2;2;1;1;3;2;3;5;4;2;3;3;4;2;2;2;3;4;4;5;2;1;3;28;28
100;1;1;1;25;11;1; ;5; ;3;4; ;2; ; ;2;7;4;5;4;5;4;4;1;4;7;1;3;4;3;3;4;4;5;5;6;4;1;3;5;2;6;6;6;3;1;3,94444444444444;49;41
100;1;1;1;20;3;5; ;5; ;2;4; ;4; ; ;2;6;7;4;1;4;3;2;1;2;5;1;1;2;3;4;5;4;5;3;2;2;3;2;3;3;4;6;3;3;2;3,27777777777778;37;36
100;1;1;1;13;15;2; ;5; ;3;3; ;2; ; ;2;1;2;2;1;1;1;2;1;1;2;1;1;1;6;6;6;5;6;6;6;2;5;6;6;5;6;6;6;6;4;5,22222222222222;16;29
100;1;1;1;8;3;3; ;5; ;3;9; ;9; ;pansessuale;2;2;4;4;2;3;3;4;2;5;5;1;1;1;3;2;6;3;6;2;6;4;1;3;6;3;6;5;4;3;2;3,66666666666667;36;24
100;1;1;1;15;17;1; ;5; ;3;5; ;5; ; ;2;3;4;5;4;3;4;4;1;2;1;1;1;1;6;6;6;6;6;6;6;2;6;6;6;5;6;6;6;6;5;5,38888888888889;33;31
100;1;1;1;11;16;1; ;5; ;3;6; ;3; ;Bisessuale;2;5;2;2;1;4;2;2;1;2;2;1;2;1;5;6;6;6;4;5;6;2;4;6;6;6;6;5;5;5;5;4,94444444444444;26;27
100;1;1;1;8;17;1; ;5; ;3;2; ;1; ;Queer;2;2;1;1;1;1;1;1;1;1;1;1;1;1;6;6;6;6;6;6;6;1;6;4;6;5;5;6;6;6;5;5,16666666666667;13;24
100;1;1;1;14;6;3; ;5; ;3;4; ;4; ; ;2;2;7;4;1;1;4;1;1;2;1;1;2;1;4;5;5;6;6;3;5;1;4;3;6;4;6;5;4;3;6;4,27777777777778;27;30
100;1;1;1;8;4;1; ;5; ;3;2; ;2; ; ;2;5;6;4;1;4;2;3;1;4;3;2;1;2;5;6;2;5;5;4;6;2;1;3;6;2;3;3;3;3;5;3,66666666666667;36;24
100;1;1;1;7;3;5; ;5; ;3;9; ;9; ;Queer;2;4;6;4;1;4;1;3;1;1;2;1;1;4;3;3;5;3;3;3;6;2;3;3;3;4;5;5;6;4;1;3,66666666666667;29;23
100;1;1;1;5;3;2; ;5; ;3;2; ;2; ; ;2;3;6;2;1;4;2;2;1;4;2;1;1;1;6;6;6;6;5;5;6;2;6;6;6;5;6;4;5;5;6;5,11111111111111;29;21
100;1;1;1;5;6;3; ;4; ;3;2; ;2; ; ;2;2;5;6;4;2;2;1;1;6;1;1;1;2;5;6;6;5;6;6;6;2;5;6;6;5;4;6;6;5;5;5,11111111111111;32;21
100;1;1;1;16;8;2; ;5; ;3;3; ;9; ; ;2;2;2;4;2;3;4;4;6;6;1;1;1;1;6;6;6;6;6;6;6;1;6;6;6;6;6;6;6;6;5;5,38888888888889;36;32
100;1;1;1;9;11;2; ;4; ;3;6; ;6; ;Eteroflessibile;2;1;4;4;1;4;1;1;1;5;1;1;4;1;5;6;3;5;3;3;6;2;3;4;3;6;6;3;6;4;4;4,05555555555556;28;25
100;1;1;1;6;11;2; ;4; ;3;5; ;5; ; ;2;1;6;5;1;4;2;1;1;2;1;1;1;2;3;5;4;5;2;4;6;2;5;5;5;2;4;3;5;3;3;3,77777777777778;26;22
100;1;1;1;8;14;6; ;5; ;3;9; ;9; ; ;2;2;3;2;1;1;4;1;4;4;1;1;1;1;6;6;6;6;6;6;6;6;2;6;6;6;6;6;6;6;3;5,33333333333333;25;24
100;1;1;1;10;3;2; ;5; ;3;6; ;5; ;Pansessuale etero orientata;2;2;3;3;1;1;1;1;1;4;1;1;1;1;6;6;6;5;6;6;6;1;6;5;6;6;6;6;5;5;5;5,16666666666667;20;26
100;1;1;1;8;14;5; ;5; ;3;3; ;2; ;Bisessuale;2;1;3;1;1;1;1;1;1;1;1;1;1;1;6;6;6;6;6;3;6;2;6;6;6;6;6;6;6;6;5;5,27777777777778;14;24
100;1;1;1;9;11;2; ;4; ;3;3; ;4; ; ;2;1;2;1;1;1;1;1;4;1;1;1;2;1;5;6;6;6;6;6;6;1;6;6;6;6;6;6;6;6;3;5,22222222222222;17;25
100;1;1;1;17;3;2; ;5; ;3;9; ;8; ;Donna asessuale aromantica;2;6;2;1;1;1;2;4;1;1;2;1;1;2;3;5;6;3;6;3;6;5;6;3;2;6;3;6;2;3;3;4,05555555555556;23;33
100;1;1;1;7;15;5; ;5; ;3;9; ;3; ; ;2;1;3;2;1;2;4;4;3;1;1;1;1;1;3;4;6;5;6;5;5;3;6;6;6;6;6;6;4;4;2;4,66666666666667;24;23
100;1;1;1;19;3;2; ;5; ;3;5; ;6; ; ;2;4;6;6;1;4;2;2;1;4;2;1;2;1;6;6;6;6;6;6;6;2;6;6;6;6;3;6;4;6;5;5,16666666666667;35;35
100;1;1;1;11;11;2; ;5; ;3;5; ;6; ; ;2;6;7;6;1;4;1;1;1;4;1;1;1;1;6;6;6;6;6;6;6;1;5;6;6;6;6;6;6;6;5;5,33333333333333;34;27
100;1;1;1;8;18;2; ;5; ;3;9; ;9; ; ;2;2;2;2;2;1;2;2;6;5;1;1;2;2;5;5;6;5;5;5;6;2;5;6;6;6;6;5;5;5;5;5;28;24
100;1;1;1;4;15;1; ;4; ;3;3; ;6; ; ;2;5;6;7;1;5;4;4;1;2;5;1;1;2;3;5;6;6;6;6;6;4;6;6;6;6;6;5;2;3;1;4,72222222222222;42;20
100;1;1;1;2;7;4; ;2; ;3;4; ;4; ; ;2;2;6;1;1;2;1;1;2;3;3;1;5;2;2;3;5;4;4;2;2;4;2;5;4;4;3;3;3;1;2;3,05555555555556;28;18
100;1;1;1;8;11;1; ;5; ;3;5; ;4; ; ;2;2;3;4;1;7;4;3;1;3;2;1;1;1;6;6;6;6;6;6;6;1;6;6;6;6;6;6;6;6;5;5,38888888888889;32;24
100;1;1;1;16;10;1; ;5; ;3;6; ;6; ; ;2;4;6;3;2;4;2;4;4;4;5;1;1;2;5;6;6;5;4;5;5;3;1;3;4;3;6;6;3;3;2;4;40;32
100;1;1;1;12;14;2; ;5; ;3;5; ;6; ;Eteroflessibile;2;1;4;4;1;2;1;1;1;2;1;1;1;2;5;6;6;6;6;5;5;1;5;5;6;6;4;6;5;5;6;5;20;28
100;1;1;1;6;6;7;propensa alle relazioni non monogame consensuali ma ho una relazione monogama al momento;4; ;3;10;preferisco le donne maschili, mi attraggono i tratti femminili negli uomini;2; ;queer / fluida / tra l'omoflessibile e il bisessuale;2;1;1;1;1;1;2;1;1;2;1;1;1;2;6;6;6;6;6;6;6;1;4;4;6;6;6;6;6;3;6;5,11111111111111;14;22
100;1;1;1;9;15;2; ;5; ;3;5; ;6; ; ;2;1;1;4;1;1;4;1;4;4;1;1;1;1;6;6;6;6;6;6;6;1;6;6;6;6;6;6;6;6;6;5,44444444444444;24;25
100;1;1;1;7;15;2; ;4; ;3;4; ;4; ; ;2;2;5;2;2;1;2;1;1;2;1;1;1;1;5;5;6;5;5;5;5;2;5;4;6;5;6;6;6;5;5;4,83333333333333;21;23
100;1;1;1;7;11;1; ;5; ;3;6; ;4; ; ;2;2;4;7;1;4;4;7;4;7;1;1;1;1;6;6;6;6;6;6;6;1;6;6;6;6;6;6;6;6;6;5,44444444444444;43;23
100;1;1;1;6;11;7;Single, indecisa tra monogami e non;4; ;3;6; ;7; ;Trysexual come Samantha JonesJones;2;3;5;6;1;4;2;4;1;3;3;1;1;1;5;5;6;5;6;4;5;2;5;6;5;6;6;6;3;4;3;4,61111111111111;34;22
100;1;1;1;14;5;7;Single, finora monogama sto riflettendo sul potenziale delle relazioni poliamorose consensuali;5; ;3;4; ;4; ;Bisessuale;2;1;3;3;5;4;5;2;7;2;2;1;1;2;3;5;6;3;2;2;4;4;2;6;3;2;5;6;4;2;4;3,61111111111111;36;30
100;1;1;1;7;19;1; ;5; ;3;9; ;9; ;pansex/queer;2;1;1;1;1;7;1;1;1;2;1;1;1;1;6;6;6;6;6;6;6;1;6;6;6;6;6;6;6;6;6;5,44444444444444;19;23
100;1;1;1;12;5;5; ;5; ;3;4; ;6; ;Bisessuale;2;4;5;6;3;1;4;1;1;4;1;1;1;1;6;6;6;6;5;6;6;1;6;6;6;6;6;6;6;6;5;5,33333333333333;32;28
100;1;1;1;6;14;2; ;5; ;3;9; ;2; ; ;2;1;3;4;1;1;1;1;1;2;1;1;1;2;5;5;6;5;3;4;6;1;5;6;6;6;6;6;6;6;3;4,83333333333333;18;22
100;1;1;1;10;16;1; ;5; ;3;2; ;2; ; ;2;5;6;5;2;6;3;3;4;3;3;1;2;2;4;5;6;5;5;4;6;2;3;4;3;5;3;5;3;3;5;4,05555555555556;43;26
100;1;1;1;17;3;1; ;5; ;3;5; ;4; ; ;2;6;7;7;1;7;2;5;2;7;7;1;1;1;2;3;3;2;6;5;3;2;2;6;3;3;5;3;5;1;1;3,11111111111111;53;33
100;1;1;1;12;7;2; ;5; ;3;4; ;10;Non sono sicura, me lo sto ancora chiedendo; ;2;2;3;4;1;4;4;3;1;2;2;1;1;1;6;6;6;6;6;6;6;1;4;6;6;6;6;6;6;6;6;5,33333333333333;28;28
100;1;1;1;12;14;2; ;4; ;3;5; ;3; ; ;2;6;4;7;1;4;1;1;1;4;1;1;1;1;6;6;6;6;6;6;6;1;6;6;6;6;6;6;6;6;5;5,38888888888889;32;28
100;1;1;1;7;7;5; ;4; ;3;4; ;4; ; ;2;1;7;4;1;1;1;3;1;5;1;1;2;2;3;5;6;5;6;6;6;2;1;3;5;3;6;5;5;3;1;4,05555555555556;28;23
100;1;1;1;8;11;1; ;2; ;3;5; ;5; ;Pansessuale;2;1;3;7;1;5;6;1;1;4;1;1;1;1;6;6;6;6;6;6;6;1;6;6;6;6;6;6;6;6;6;5,44444444444444;32;24
100;1;1;1;10;16;5; ;5; ;3;9; ;9; ;Pansessuale;2;2;2;1;1;1;1;1;1;3;1;1;1;2;5;6;6;5;3;4;6;1;6;6;6;6;5;6;6;6;4;4,94444444444444;16;26
100;1;1;1;9;9;2; ;5; ;3;3; ;5; ; ;2;1;3;4;1;1;1;1;1;2;2;1;1;2;2;3;6;2;2;2;4;5;1;2;2;4;4;2;2;1;3;2,72222222222222;19;25
100;1;1;1;5;9;4; ;4; ;3;2; ;1; ; ;2;1;7;3;3;4;4;4;4;3;1;1;4;1;6;6;6;5;5;5;6;2;4;6;6;6;6;6;6;6;2;5;39;21
100;1;1;1;6;14;4; ;3; ;3;3; ;3; ;Bisessuale tentente alle donne;2;1;3;2;1;1;1;1;1;3;1;1;1;1;5;6;5;5;6;5;6;5;6;6;6;5;6;6;3;3;3;4,88888888888889;17;22
100;1;1;1;13;9;2; ;5; ;3;9; ;5; ;Pansessuale;2;2;7;7;1;6;2;1;1;2;2;1;1;2;4;5;5;4;4;3;3;3;3;6;4;6;6;6;6;3;1;4,11111111111111;33;29
100;1;1;1;9;15;6; ;5; ;3;3; ;9; ; ;2;1;5;3;1;3;1;1;1;1;1;1;1;2;3;4;6;4;5;4;6;6;6;4;3;1;4;6;6;2;1;4,05555555555556;20;25
100;1;1;1;10;11;2; ;5; ;3;9; ;9; ;Pansexual;2;1;4;2;3;1;1;1;1;1;1;1;1;4;4;4;3;3;4;2;4;2;3;4;3;6;3;2;2;4;4;3,38888888888889;18;26
100;1;1;1;13;18;5; ;4; ;3;9; ;9; ; ;2;1;3;1;2;1;1;1;1;2;1;1;1;1;3;6;5;5;6;6;6;2;5;6;6;6;6;6;5;6;3;4,94444444444444;16;29
100;1;1;1;8;15;1; ;5; ;3;4; ;5; ; ;2;2;3;3;4;5;1;2;1;1;1;1;1;1;5;6;6;5;6;3;6;2;6;6;6;5;6;6;6;6;5;5,11111111111111;25;24
100;1;1;1;16;17;1; ;5; ;3;2; ;2; ;Pansessuale;2;1;1;2;1;2;2;1;1;2;1;1;1;1;6;6;6;6;6;6;6;1;6;6;6;6;6;6;6;6;2;5,22222222222222;16;32
100;1;1;1;7;10;1; ;5; ;3;2; ;2; ;Queer;2;2;1;1;1;1;6;2;2;2;1;1;1;1;5;5;6;5;6;5;5;2;5;6;6;5;6;6;5;5;3;4,83333333333333;21;23
100;1;1;1;18;20;5; ;4; ;3;6; ;7; ; ;2;6;1;4;2;7;7;7;1;1;1;1;1;1;6;5;6;5;4;6;6;1;3;5;6;5;6;6;6;6;6;4,94444444444444;39;34
100;1;1;1;4;11;2; ;6;Diploma;3;5; ;4; ;Non mi definisco;2;3;3;2;1;3;1;1;1;1;2;1;1;2;4;4;6;4;6;6;6;2;6;6;6;6;6;6;4;3;4;4,83333333333333;20;20
100;1;1;1;11;15;1; ;5; ;3;8; ;3; ; ;2;2;1;1;1;1;1;1;1;1;1;1;1;1;5;6;6;5;6;6;6;3;6;4;6;2;3;6;3;6;6;4,77777777777778;13;27
100;1;1;1;15;11;1; ;5; ;3;3; ;2; ; ;2;2;2;2;2;2;1;2;1;2;2;1;2;1;5;6;6;5;6;5;6;2;5;6;6;5;6;6;6;5;5;5,11111111111111;21;31
100;1;1;1;19;7;1; ;4; ;3;4; ;4; ; ;2;2;7;4;1;2;1;2;1;4;3;1;1;1;3;3;6;6;3;3;5;1;2;5;2;6;6;6;2;2;2;3,55555555555556;29;35
100;1;1;1;8;6;1; ;4; ;3;2; ;1; ;non binary;2;2;4;3;1;2;2;1;1;4;1;1;2;2;3;6;6;5;4;6;6;2;5;6;5;5;6;6;6;5;4;4,88888888888889;24;24
100;1;1;1;11;9;2; ;5; ;3;3; ;2; ;Omoflessibile;2;1;6;3;2;3;3;2;2;3;2;1;2;1;5;6;6;6;6;6;6;2;6;6;6;6;6;6;5;5;5;5,27777777777778;30;27
100;1;1;1;9;11;5; ;5; ;3;2; ;2; ;Fluido;2;1;2;3;4;2;3;1;1;2;1;1;1;2;4;5;6;5;6;4;6;3;6;3;5;5;5;5;5;5;3;4,61111111111111;22;25
100;1;1;1;9;7;1; ;4; ;3;4; ;4; ; ;2;2;4;3;2;4;1;1;1;1;1;1;1;1;5;5;5;6;3;5;5;2;2;6;5;6;6;6;3;3;5;4,38888888888889;22;25
100;1;1;1;12;11;2; ;5; ;3;4; ;4; ;Bisessuale;2;2;6;2;1;2;1;1;1;1;1;1;1;1;6;6;6;6;6;6;6;1;6;6;6;5;6;6;4;3;6;5,11111111111111;20;28
100;1;1;1;6;7;1; ;5; ;3;2; ;3; ; ;2;1;5;3;1;1;1;1;1;1;1;1;1;2;5;5;6;4;4;3;6;1;3;6;3;5;6;2;5;6;5;4,27777777777778;18;22
100;1;1;1;10;3;1; ;5; ;3;9; ;9; ;Bisessuale;2;2;2;1;1;1;1;1;1;2;1;1;1;1;6;6;6;6;2;6;5;1;6;6;6;6;6;6;6;3;5;4,94444444444444;15;26
100;1;1;1;22;14;1; ;5; ;3;5; ;4; ; ;2;6;5;4;5;5;4;4;3;4;4;1;4;2;3;4;5;4;4;6;6;3;3;3;5;3;4;5;4;3;3;3,88888888888889;49;38
100;1;1;1;8;5;1; ;5; ;3;3; ;9; ; ;2;1;4;2;1;3;1;1;1;4;1;1;2;2;3;3;6;5;3;3;3;2;5;4;3;6;3;3;2;3;4;3,5;22;24
100;1;1;1;7;15;7;Single aperta sia a relazioni monogame che non monogame;5; ;3;4; ;4; ; ;2;1;3;2;1;1;2;2;1;2;1;1;1;2;4;5;5;5;5;3;6;3;1;3;6;5;6;6;6;2;1;4,11111111111111;18;23
100;1;1;1;13;11;5; ;5; ;1;3; ;4; ;Queer;2;6;5;3;1;1;1;1;1;1;1;1;1;1;5;5;6;5;5;6;6;1;5;5;6;6;6;6;5;5;3;4,83333333333333;23;29
100;1;1;1;6;7;2; ;6;Laureanda triennale;3;9; ;9; ;Bi/pan;2;7;7;6;2;1;1;2;1;4;1;1;1;1;6;6;6;6;6;6;6;1;6;6;6;6;6;6;6;3;5;5,22222222222222;34;22
100;1;1;1;4;15;4; ;4; ;3;5; ;6; ; ;2;4;7;2;2;5;2;2;1;2;1;1;1;4;2;2;2;3;1;4;2;5;2;3;4;5;4;3;4;1;2;2,94444444444444;30;20
100;1;1;1;8;6;1; ;4; ;3;4; ;4; ;Bisessuale;2;1;5;3;4;3;2;1;1;2;1;1;1;3;5;4;5;5;3;3;5;2;4;3;6;4;5;3;4;2;3;3,83333333333333;25;24
100;1;1;1;8;14;5; ;5; ;3;4; ;5; ; ;2;1;2;2;2;1;1;1;1;3;1;1;1;6;1;2;5;2;2;1;5;5;4;5;1;6;6;6;6;1;1;3,61111111111111;17;24
100;1;1;1;15;11;6; ;5; ;3;6; ;5; ; ;2;2;3;4;1;3;2;3;2;4;2;1;1;2;6;6;6;6;6;6;6;1;6;6;6;6;6;6;6;6;1;5,22222222222222;28;31
100;1;1;1;16;7;2; ;4; ;3;3; ;4; ; ;2;1;2;2;1;1;1;1;1;2;1;1;1;2;5;6;6;5;5;6;6;3;5;6;6;6;6;6;6;4;3;5,11111111111111;15;32
100;1;1;1;18;11;1; ;5; ;3;9; ;6; ; ;2;2;7;6;1;5;4;2;1;6;1;1;1;1;6;6;6;6;6;6;6;1;6;6;6;6;6;6;3;6;6;5,27777777777778;37;34
100;1;1;1;17;18;1; ;5; ;3;5; ;9; ; ;2;3;2;4;1;2;2;4;1;4;2;1;2;2;5;6;5;5;5;5;6;2;5;5;6;5;6;6;3;6;3;4,77777777777778;28;33
100;1;1;1;6;15;1; ;5; ;3;3; ;5; ; ;2;1;6;3;2;3;2;2;2;1;2;1;1;3;3;3;1;2;2;1;3;3;1;2;2;2;1;2;1;1;2;1,94444444444444;26;22
100;1;1;1;23;9;1; ;5; ;3;4; ;4; ;Bisex;2;7;4;4;1;2;3;4;3;1;4;1;1;1;6;6;6;6;6;4;6;3;4;6;6;2;6;2;2;5;6;4,61111111111111;35;39
100;1;1;1;19;16;2; ;4; ;3;3; ;6; ; ;2;5;7;3;1;5;1;2;1;2;1;1;1;5;2;1;6;2;6;6;5;6;2;5;5;1;6;6;4;1;1;3,88888888888889;30;35
100;1;1;1;15;14;1; ;5; ;3;5; ;7; ; ;2;5;5;6;1;5;4;3;1;4;3;1;1;5;1;2;2;1;1;1;3;4;1;1;1;2;2;3;1;1;2;1,88888888888889;39;31
100;1;1;1;9;8;2; ;5; ;3;4; ;4; ; ;2;1;5;4;1;1;3;1;6;2;1;1;2;2;5;6;6;6;4;5;6;1;6;5;6;6;6;6;2;5;6;4,94444444444444;28;25
100;1;1;1;16;21;4; ;5; ;3;5; ;4; ;Bisex, queer;2;1;6;3;1;1;1;1;1;2;1;1;1;1;6;6;6;6;6;5;6;2;5;6;6;6;6;6;6;6;2;5,16666666666667;20;32
100;1;1;1;6;3;1; ;4; ;3;4; ;6; ; ;2;2;6;3;1;1;1;1;1;2;1;1;1;1;5;5;6;5;4;5;5;2;3;5;6;5;5;6;3;3;3;4,27777777777778;21;22
100;1;1;1;12;17;2; ;5; ;3;3; ;1; ;Queer;2;1;2;2;1;3;3;1;1;4;1;1;1;1;6;6;6;6;6;6;6;1;6;6;6;6;6;6;6;3;6;5,27777777777778;21;28
100;1;1;1;12;14;5; ;4; ;3;4; ;4; ; ;2;1;4;4;1;4;4;1;1;4;1;1;1;2;3;3;6;6;6;6;6;3;6;6;1;6;6;6;6;3;3;4,66666666666667;27;28
100;1;1;1;5;15;1; ;4; ;3;9; ;9; ;Queer;2;1;2;1;1;1;1;1;1;2;1;1;1;1;6;6;6;6;6;6;6;2;6;6;6;6;6;6;6;6;4;5,38888888888889;14;21
100;1;1;1;9;12;1; ;4; ;3;4; ;3; ;Bisessuale;2;1;6;1;1;4;1;1;1;4;1;1;1;1;6;6;6;6;6;6;6;1;6;6;6;6;6;6;6;6;5;5,38888888888889;23;25
100;1;1;1;14;10;1; ;5; ;3;4; ;4; ; ;2;2;2;3;1;1;1;1;1;4;2;1;4;1;5;6;6;6;6;6;6;1;6;6;6;6;6;6;6;5;5;5,27777777777778;23;30
100;1;1;1;12;11;1; ;5; ;3;9; ;9; ;Pansessuale;2;2;3;2;1;5;4;1;2;1;1;1;1;1;5;5;6;5;6;6;5;2;6;6;6;6;6;6;5;3;6;5,05555555555556;24;28
100;1;1;1;15;17;4; ;4; ;3;9; ;9; ;Pansessuale;2;2;4;2;1;1;1;1;2;2;1;1;1;1;5;5;6;5;1;5;6;1;3;6;6;5;6;6;5;3;4;4,38888888888889;19;31
100;1;1;1;11;17;2; ;5; ;3;9; ;9; ; ;2;2;2;1;3;1;2;2;1;4;2;1;4;3;2;4;6;3;4;3;3;2;1;3;2;6;4;6;3;2;4;3,38888888888889;25;27
100;1;1;1;6;14;5; ;4; ;3;2; ;6; ; ;2;1;6;1;1;1;1;1;1;1;1;1;1;2;2;6;2;5;3;3;6;3;2;5;3;5;5;3;1;4;4;3,55555555555556;17;22
100;1;1;1;11;7;4; ;5; ;3;4; ;6; ; ;2;1;3;3;1;1;4;1;1;1;1;1;1;3;3;5;6;5;5;5;3;2;2;2;5;6;5;6;6;3;2;4,11111111111111;19;27
100;1;1;1;18;11;4; ;6;Master primo livello;3;2; ;3; ; ;2;2;3;2;5;3;2;2;1;2;2;1;4;3;2;3;5;5;5;4;5;2;2;5;3;2;5;3;5;2;1;3,44444444444444;29;34
100;1;1;1;7;18;2; ;5; ;1;9; ;5; ; ;2;1;3;1;1;2;1;2;1;1;1;1;1;1;5;6;6;5;5;2;6;3;6;6;5;6;4;6;5;3;5;4,72222222222222;16;23
100;1;1;1;7;7;1; ;5; ;3;3; ;3; ; ;2;3;6;5;1;7;1;1;1;2;2;1;1;3;3;3;3;4;5;3;4;1;4;6;5;6;5;6;6;3;2;4;31;23
100;1;1;1;17;2;1; ;5; ;3;6; ;7; ; ;2;5;2;1;1;1;4;4;2;4;1;1;1;1;6;6;6;6;6;6;6;1;2;6;4;6;6;6;5;6;6;5,05555555555556;27;33
100;1;1;1;14;6;1; ;4; ;3;4; ;7; ; ;2;1;2;5;1;2;1;1;1;4;2;1;3;3;3;5;6;5;6;5;5;2;5;6;5;5;6;5;5;3;2;4,55555555555556;24;30
100;1;1;1;29;10;1; ;4; ;3;9; ;9; ; ;2;2;3;6;2;4;4;2;1;4;1;1;2;2;6;6;6;6;6;6;6;2;6;3;6;6;5;6;5;6;5;5,22222222222222;32;45
100;1;1;1;13;17;4; ;5; ;3;9; ;9; ; ;2;1;4;2;1;1;1;1;1;1;1;1;1;1;6;4;6;6;3;3;5;4;4;3;2;4;6;6;6;2;6;4,27777777777778;16;29
100;1;1;1;15;16;1; ;4; ;3;9; ;9; ; ;2;2;5;3;1;2;4;1;4;4;1;1;1;3;3;3;6;3;4;5;3;6;6;1;5;2;1;6;4;1;1;3,5;29;31
100;1;1;1;9;8;4; ;5; ;3;4; ;4; ; ;2;2;6;3;1;4;2;2;1;3;2;1;1;2;3;5;6;4;5;5;5;3;5;6;4;3;6;4;3;5;3;4,27777777777778;28;25
100;1;1;1;12;17;1; ;5; ;3;4; ;4; ; ;2;3;5;2;2;1;1;1;1;1;1;1;7;1;5;5;6;5;3;5;6;1;6;6;3;6;5;4;3;2;2;4,11111111111111;26;28
100;1;1;1;9;3;2; ;5; ;3;4; ;5; ; ;2;1;3;5;1;1;1;1;1;1;1;1;1;1;5;6;6;5;6;6;6;1;5;6;6;5;6;6;6;3;3;4,88888888888889;18;25
100;1;1;1;14;20;1; ;5; ;3;6; ;6; ;Bisessuale;2;5;2;1;1;2;1;5;2;4;2;1;1;1;2;5;6;6;3;3;6;5;2;3;3;5;5;5;2;1;3;3,66666666666667;27;30
100;1;1;1;6;6;1; ;4; ;3;9; ;10;Il genere non è rilevante per me ma mi è capitato più spesso con uomini;Pansessuale;2;2;4;3;1;4;4;4;1;3;2;1;1;2;5;6;6;5;5;5;5;2;5;4;5;4;5;5;5;6;5;4,72222222222222;30;22
100;1;1;1;14;15;3; ;5; ;3;4; ;9; ;Queer;2;1;4;1;1;1;1;1;1;1;1;1;1;1;6;6;6;6;6;6;6;3;6;6;6;2;6;6;6;4;4;5,11111111111111;15;30
100;1;1;1;13;23;1; ;5; ;3;3; ;3; ;Bisessuale;2;1;6;4;1;1;1;1;1;2;1;1;4;2;4;5;5;5;3;3;3;2;5;6;5;6;6;6;5;6;6;4,61111111111111;24;29
100;1;1;1;8;5;1; ;4; ;3;5; ;6; ; ;2;2;6;3;1;1;2;1;1;4;1;1;1;1;5;6;6;5;6;5;6;1;6;5;6;6;6;5;6;5;3;4,94444444444444;24;24
100;1;1;1;15;11;2; ;4; ;3;3; ;9; ; ;2;1;2;2;1;4;3;1;1;4;1;1;1;1;6;6;6;6;6;6;6;2;6;6;6;5;6;6;6;6;5;5,38888888888889;22;31
100;1;1;1;13;9;1; ;5; ;3;3; ;6; ; ;2;3;1;3;1;1;4;4;1;4;1;2;1;1;3;3;6;4;5;6;6;1;2;3;6;5;5;6;5;2;5;4,11111111111111;26;29
100;1;1;1;11;7;5; ;4; ;3;9; ;9; ;Queer;2;2;4;3;2;2;2;3;4;3;2;1;2;2;5;6;6;5;6;5;5;4;6;6;6;5;5;4;5;5;5;5,05555555555556;30;27
100;1;1;1;18;15;4; ;5; ;3;3; ;3; ; ;2;3;1;2;1;1;1;1;1;1;1;1;1;1;2;2;6;6;6;2;6;1;3;6;6;6;6;6;6;6;4;4,5;15;34
100;1;1;1;9;6;1; ;5; ;3;3; ;2; ; ;2;5;6;3;1;3;1;3;1;2;2;1;7;4;4;4;5;4;3;4;4;4;3;2;3;4;2;3;5;2;2;3,44444444444444;35;25
100;1;1;1;6;11;1; ;4; ;3;4; ;2; ; ;2;1;5;6;1;2;2;1;1;2;1;1;1;2;6;6;6;6;6;6;6;1;6;5;6;6;6;6;5;6;6;5,38888888888889;24;22
100;1;1;1;9;18;3; ;5; ;3;4; ;4; ; ;2;1;2;4;2;2;4;4;4;4;1;1;2;1;6;6;6;6;6;6;6;2;6;6;6;5;6;6;6;6;5;5,38888888888889;31;25
100;1;1;1;18;9;5; ;4; ;3;5; ;9; ; ;2;1;3;4;5;1;1;1;1;3;1;1;1;1;5;5;6;6;6;6;6;1;6;5;6;6;6;6;5;5;5;5,11111111111111;23;34
100;1;1;1;20;2;1; ;6;dottorato;3;5; ;4; ;queer, pansessuale;2;4;3;2;1;3;1;1;2;2;1;1;1;2;5;6;6;5;6;6;6;2;5;6;6;5;6;6;6;4;2;5;22;36
100;1;1;1;6;17;1; ;5; ;3;4; ;4; ; ;2;2;6;4;1;2;1;1;1;4;1;1;1;1;6;4;6;6;6;6;6;1;6;6;6;6;6;6;6;3;6;5,16666666666667;25;22
100;1;1;1;9;9;1; ;5; ;1;5; ;3; ; ;2;1;6;3;1;3;3;1;1;2;1;1;1;2;4;6;6;6;5;3;6;3;2;6;6;6;6;6;6;3;1;4,61111111111111;24;25
100;1;1;1;11;3;1; ;5; ;3;5; ;6; ;Bisessuale;2;3;7;5;1;4;4;4;1;2;2;1;1;1;4;5;6;5;6;6;6;2;5;5;5;6;5;6;6;3;4;4,77777777777778;35;27
100;1;1;1;10;11;1; ;5; ;3;9; ;9; ;Bisessuale;2;4;2;2;3;2;3;1;1;3;5;1;3;2;3;4;6;3;5;5;6;2;2;6;6;5;6;3;3;6;6;4,38888888888889;30;26
100;1;1;1;26;11;1; ;5; ;3;9; ;6; ;Bisessuale;2;4;5;3;1;4;2;2;1;3;2;2;1;2;5;5;6;5;5;5;6;2;6;4;6;6;4;6;4;4;5;4,77777777777778;30;42
100;1;1;1;21;14;3; ;5; ;3;6; ;6; ; ;2;6;7;6;1;7;2;3;1;3;6;1;1;1;6;6;6;6;6;2;5;3;2;6;5;3;6;2;2;5;6;4,33333333333333;44;37
100;1;1;1;9;11;1; ;4; ;3;3; ;5; ; ;2;3;7;4;1;4;1;5;2;2;3;1;1;2;5;5;4;5;5;3;3;2;4;6;5;5;3;5;1;2;3;3,77777777777778;34;25
100;1;1;1;23;17;2; ;4; ;3;3; ;4; ; ;2;1;3;2;1;1;2;1;2;4;1;1;1;1;5;6;6;5;6;6;6;1;6;6;6;6;5;6;6;5;6;5,22222222222222;20;39
100;1;1;1;17;11;1; ;5; ;3;4; ;4; ; ;2;1;3;4;2;7;2;2;1;2;2;2;2;5;2;2;5;2;2;2;4;5;1;2;2;2;5;5;5;2;2;3,05555555555556;30;33
100;1;1;1;9;16;1; ;5; ;3;4; ;3; ; ;2;2;3;4;1;1;1;1;1;1;1;1;1;1;6;6;6;6;6;6;6;1;6;6;6;6;6;6;6;6;2;5,22222222222222;18;25
100;1;1;1;14;10;2; ;4; ;3;9; ;9; ; ;2;1;2;1;1;1;1;1;1;1;1;1;1;1;6;6;6;6;6;6;6;1;6;6;6;6;6;6;6;6;5;5,38888888888889;13;30
100;1;1;1;12;12;4; ;4; ;3;4; ;4; ; ;2;5;7;6;2;6;6;2;1;4;3;1;2;1;5;5;6;5;6;5;6;2;5;5;5;5;3;5;6;6;2;4,61111111111111;45;28
100;1;1;1;5;18;1; ;4; ;3;6; ;4; ; ;2;1;6;4;2;4;1;4;1;4;1;1;1;1;6;6;6;6;6;6;6;1;6;6;6;6;6;6;6;6;6;5,44444444444444;30;21
100;1;1;1;14;11;2; ;5; ;3;4; ;4; ; ;2;2;5;2;2;4;1;1;1;1;1;1;1;1;6;6;6;6;6;6;6;1;6;6;6;4;6;6;6;6;6;5,33333333333333;22;30
100;1;1;1;5;9;5; ;4; ;3;4; ;4; ; ;2;1;2;1;1;1;1;1;1;1;1;1;1;1;4;5;6;6;6;5;6;2;4;6;6;6;5;6;6;6;2;4,88888888888889;13;21
100;1;1;1;10;15;1; ;4; ;3;9; ;9; ; ;2;4;7;7;7;1;1;1;1;3;1;1;1;1;6;6;6;6;6;6;6;1;6;6;6;6;5;6;6;6;6;5,38888888888889;35;26
100;1;1;1;16;16;5; ;4; ;3;9; ;3; ; ;2;1;1;2;1;2;1;1;1;1;1;1;1;4;2;3;6;3;5;3;3;6;3;4;4;2;4;3;3;1;1;3,33333333333333;14;32
100;1;1;1;10;17;1; ;5; ;3;4; ;4; ; ;2;1;2;4;1;2;4;1;1;1;1;1;1;3;3;4;6;5;3;6;3;4;3;5;6;2;4;6;6;3;2;4,11111111111111;20;26
100;1;1;1;18;10;1; ;4; ;3;9; ;9; ; ;2;1;7;4;1;4;4;4;1;4;1;1;1;2;6;6;6;6;6;6;6;1;6;6;6;6;4;6;6;6;5;5,33333333333333;33;34
100;1;1;1;6;5;2; ;5; ;3;2; ;2; ; ;2;2;6;2;1;1;1;1;1;3;1;1;1;2;6;6;6;6;5;5;6;1;6;3;5;6;5;6;5;2;5;4,77777777777778;21;22
100;1;1;1;10;3;1; ;5; ;3;2; ;4; ; ;2;2;6;3;1;2;1;1;1;1;1;1;1;1;5;6;6;6;5;4;6;1;5;5;6;6;5;6;5;6;5;4,94444444444444;21;26
100;1;1;1;9;14;2; ;5; ;3;4; ;5; ;Bisessuale;2;1;3;3;2;6;2;1;1;2;1;1;1;3;3;6;6;5;6;4;5;2;4;6;5;5;6;5;3;3;3;4,44444444444444;24;25
100;1;1;1;12;2;1; ;5; ;3;5; ;5; ; ;2;2;2;1;1;3;2;1;1;4;2;1;5;1;6;6;6;6;5;5;6;1;6;6;6;6;6;6;6;2;6;5,11111111111111;25;28
100;1;1;1;13;9;1; ;5; ;3;5; ;2; ; ;2;2;6;6;1;1;4;1;4;5;2;1;1;1;5;6;6;5;6;6;2;1;3;6;6;6;6;6;6;5;5;4,83333333333333;34;29
100;1;1;1;11;8;2; ;5; ;3;5; ;5; ; ;2;2;2;2;1;2;1;1;1;1;1;1;1;2;4;5;6;5;3;3;6;1;6;3;6;6;6;6;6;3;3;4,44444444444444;16;27
100;1;1;1;12;10;1; ;4; ;3;9; ;9; ; ;2;7;4;5;5;1;2;1;1;2;2;6;2;3;2;5;3;4;5;4;6;5;1;2;3;1;5;5;5;2;1;3,44444444444444;38;28
100;1;1;1;15;23;2; ;5; ;3;9; ;9; ;Pansessuale;2;1;1;1;1;1;1;1;1;1;1;1;1;1;3;6;6;6;6;3;5;2;3;5;6;5;5;3;3;3;3;4,11111111111111;12;31
100;1;1;1;37;6;1; ;5; ;3;6; ;6; ;pansessuale;2;4;5;6;1;1;1;4;4;4;4;1;1;1;6;6;6;6;6;6;6;1;6;6;6;6;6;6;6;6;6;5,44444444444444;36;53
100;1;1;1;8;14;5; ;5; ;3;4; ;5; ; ;2;1;6;6;1;4;4;4;6;6;2;1;4;1;6;6;6;6;5;6;6;2;5;6;6;6;6;6;6;3;6;5,22222222222222;45;24
100;1;1;1;6;18;5; ;5; ;3;9; ;9; ;Queer;2;2;3;2;1;1;4;4;1;3;1;1;1;1;6;6;6;5;6;6;6;6;6;6;6;6;6;6;6;6;5;5,61111111111111;24;22
100;1;1;1;10;3;5; ;5; ;1;4; ;4; ; ;2;2;3;2;1;2;1;1;1;4;1;1;1;4;3;4;5;3;4;3;5;3;2;4;2;3;2;4;5;2;2;3,33333333333333;20;26
100;1;1;1;7;16;1; ;4; ;3;9; ;4; ;Nessuna etichetta;2;1;6;6;2;1;2;1;1;2;1;1;4;2;6;6;6;6;5;4;6;1;5;6;5;6;6;6;5;4;3;4,88888888888889;28;23
100;1;1;1;6;20;1; ;4; ;3;9; ;9; ;Pansessuale;2;1;3;2;4;4;4;1;1;4;1;1;1;1;6;6;6;6;6;6;6;1;6;6;6;6;6;6;6;6;5;5,38888888888889;27;22
100;1;1;1;7;16;4; ;5; ;3;4; ;4; ;Bisessuale;2;2;3;2;4;4;4;2;1;4;1;1;1;1;5;6;6;5;5;4;6;2;5;6;6;2;6;6;3;3;5;4,55555555555556;29;23
100;1;1;1;11;14;3; ;5; ;3;4; ;6; ; ;2;6;7;5;1;7;4;3;3;3;5;1;2;1;2;3;6;3;3;5;2;5;3;5;6;1;6;6;3;1;1;3,44444444444444;47;27
100;1;1;1;15;3;1; ;4; ;3;2; ;4; ; ;2;2;6;3;5;1;1;1;1;4;1;1;1;5;1;1;1;2;6;2;1;6;4;1;1;4;1;4;2;5;4;2,83333333333333;27;31
100;1;1;1;16;6;1; ;4; ;3;3; ;1; ; ;2;2;3;4;2;2;2;2;1;3;1;1;1;2;4;3;5;5;2;3;4;3;4;3;4;5;3;5;2;3;3;3,5;24;32
100;1;1;1;9;11;2; ;5; ;3;9; ;9; ; ;2;2;2;1;1;1;4;1;1;1;1;1;1;1;2;6;6;6;6;5;5;1;6;6;6;6;6;6;5;3;1;4,61111111111111;17;25
100;1;1;1;8;3;1; ;5; ;3;6; ;6; ; ;2;4;7;4;1;1;1;4;1;2;3;1;1;3;6;6;6;4;3;2;6;2;2;2;3;6;3;2;2;3;3;3,55555555555556;30;24
100;1;1;1;19;15;5; ;5; ;3;5; ;4; ; ;2;2;2;6;2;4;4;2;2;3;2;1;1;2;3;3;6;5;6;6;5;6;6;3;5;3;2;6;6;3;1;4,27777777777778;31;35
100;1;1;1;8;3;1; ;5; ;3;3; ;9; ; ;2;2;6;4;1;1;2;1;1;2;1;1;1;1;5;6;6;6;6;6;6;1;6;5;6;6;6;6;6;5;3;5,11111111111111;23;24
100;1;1;1;7;7;4; ;4; ;3;4; ;3; ; ;2;1;2;7;1;2;1;1;1;1;1;1;1;1;4;5;6;6;6;5;6;1;6;6;6;5;6;6;6;3;4;4,88888888888889;20;23
100;1;1;1;10;18;1; ;5; ;3;9; ;9; ; ;2;2;6;6;2;2;4;2;1;6;1;1;1;2;6;6;6;5;6;6;6;1;6;6;5;6;6;6;6;6;5;5,33333333333333;34;26
100;1;1;1;17;17;1; ;5; ;3;4; ;5; ; ;2;1;3;2;1;1;1;1;1;3;1;1;2;2;5;5;6;6;2;3;6;1;3;5;5;5;5;6;5;4;4;4,33333333333333;18;33
100;1;1;1;11;11;2; ;5; ;3;5; ;9; ; ;2;3;2;3;1;1;1;1;1;1;1;1;1;1;6;6;6;5;6;6;6;2;6;6;6;6;6;6;6;6;5;5,38888888888889;17;27
100;1;1;1;21;11;2; ;5; ;3;4; ;9; ;Pansessuale;2;2;2;2;1;2;4;2;1;2;1;1;4;1;5;5;6;5;6;6;6;2;5;6;6;5;6;6;2;5;5;4,88888888888889;24;37
100;1;1;1;8;6;1; ;5; ;3;5; ;9; ; ;2;5;6;2;4;2;1;2;1;3;5;1;1;1;6;6;6;5;6;4;6;1;3;6;5;3;6;5;6;5;3;4,61111111111111;33;24
100;1;1;1;8;6;1; ;5; ;3;5; ;9; ; ;2;5;6;2;4;3;1;3;1;3;5;1;1;1;6;6;6;6;6;3;6;1;3;6;6;3;6;6;6;5;3;4,72222222222222;35;24
100;1;1;1;14;7;2; ;5; ;3;5; ;4; ; ;2;3;1;3;1;1;1;4;1;3;3;1;1;1;6;6;6;6;3;6;6;1;3;6;6;6;6;6;5;6;5;5;23;30
100;1;1;1;22;17;5; ;5; ;3;5; ;5; ; ;2;2;2;3;1;1;1;1;1;2;1;1;1;1;5;6;6;6;6;6;3;3;4;6;6;6;6;6;5;3;4;4,88888888888889;17;38
100;1;1;1;23;9;1; ;5; ;3;6; ;5; ; ;2;3;4;4;1;1;1;3;1;1;2;1;1;4;2;3;6;2;5;3;6;5;3;2;2;2;2;6;2;2;2;3,27777777777778;23;39
100;1;1;1;15;11;3; ;5; ;3;4; ;5; ; ;2;2;3;3;1;4;1;1;1;1;2;1;1;3;3;4;6;3;3;6;5;5;4;4;5;3;4;5;2;3;4;4;21;31
100;1;1;1;6;3;2; ;5; ;3;4; ;4; ; ;2;3;2;1;3;2;1;2;1;2;2;1;1;2;6;6;6;5;5;6;5;3;5;6;6;4;6;3;6;5;4;4,94444444444444;21;22
100;1;1;1;4;19;1; ;7; ;1;4; ;6; ; ;2;2;7;1;1;1;1;1;1;1;1;1;1;2;6;6;6;5;4;6;6;1;6;5;6;6;5;6;3;6;6;5,05555555555556;19;20
100;1;1;1;6;11;2; ;4; ;1;9; ;9; ; ;2;1;3;2;1;2;1;1;1;1;1;1;1;3;3;3;2;2;6;4;4;2;1;3;3;6;4;6;2;1;3;3,22222222222222;16;22
100;1;1;1;8;17;4; ;5; ;3;4; ;5; ; ;2;2;2;6;4;4;4;2;2;5;2;1;1;2;3;3;6;4;4;6;6;6;2;3;6;6;3;6;3;6;1;4,22222222222222;35;24
100;1;1;1;8;6;5; ;5; ;3;5; ;6; ; ;2;1;3;4;1;4;2;2;1;4;1;1;1;1;6;6;6;6;6;6;6;2;4;6;6;5;6;6;6;6;5;5,27777777777778;25;24
100;1;1;1;15;11;1; ;5; ;3;9; ;9; ;Fluida;2;1;2;4;4;3;4;1;4;4;1;1;1;1;6;6;6;6;6;6;6;1;6;6;6;6;6;6;6;6;6;5,44444444444444;30;31
100;1;1;1;10;7;2; ;5; ;3;4; ;4; ; ;2;1;1;1;1;1;1;1;1;1;1;1;1;2;2;3;5;4;3;3;3;2;2;3;3;5;3;3;2;2;3;2,94444444444444;12;26
100;1;1;1;10;8;2; ;5; ;3;9; ;9; ; ;2;2;3;3;1;2;1;2;2;3;2;1;1;1;6;6;6;5;2;6;6;2;6;6;6;6;6;6;6;6;4;5,11111111111111;23;26
100;1;1;1;7;11;1; ;4; ;3;5; ;5; ; ;2;1;4;4;1;1;1;1;1;4;1;1;1;3;3;4;6;4;2;3;6;2;2;2;3;6;3;3;2;2;2;3,22222222222222;21;23
100;1;1;1;10;11;1; ;5; ;3;9; ;9; ; ;2;7;6;2;1;4;2;1;2;1;2;1;1;3;5;5;5;3;4;2;4;4;3;5;4;5;3;3;3;4;2;3,72222222222222;30;26
100;1;1;1;10;11;1; ;5; ;3;4; ;6; ; ;2;2;6;6;4;2;4;4;1;4;1;1;1;2;3;5;6;4;4;2;5;3;2;2;4;3;2;3;2;2;1;3,05555555555556;36;26
100;1;1;1;13;11;1; ;4; ;3;2; ;1; ; ;2;1;5;6;1;1;2;1;1;3;1;1;1;1;6;6;6;6;6;6;6;1;6;6;6;6;6;6;6;6;6;5,44444444444444;24;29
80;0;1;1;6;15;1; ;5; ;3;5; ;6; ; ;2;1;5;4;6;3;4;4;4;4;1;1;1;2;5;6;5;5;6;6;6;1;6;6;6;6;6;6;6;5;5;5,22222222222222;38;22
86;0;1;1;32;7;1; ;3; ;3;9; ;9; ; ;2;2;6;3;1;3;1;1;1;6;1;1;1;4;2;2;6;2;3;4;5;6;3;6;3;1;5;5;3;1;1;3,44444444444444;27;48
94;0;1;1;8;23;1; ;5; ;3;3; ;4; ; ;2;1;2;2;1;2;2;1;1;1;1;1;1;1;6;6;5;4;6;6;6;1;5;6;6;6;6;6;6;6;6;5,22222222222222;16;24
86;0;1;1;6;9;6; ;4; ;3;3; ;1; ; ;2;3;6;5;4;4;4;2;1;4;2;1;4;3;5;6;5;4;5;5;5;2;6;6;5;4;6;6;5;3;5;4,77777777777778;40;22
86;0;1;1;11;3;2; ;4; ;3;6; ;6; ; ;2;4;6;7;1;4;2;2;1;4;2;1;1;5;2;2;6;2;6;3;5;6;6;1;4;2;2;6;2;1;1;3,44444444444444;35;27
94;0;1;1;5;18;1; ;4; ;3;5; ;4; ; ;2;1;5;2;1;1;1;1;1;1;2;1;1;1;5;6;6;5;6;6;3;1;2;6;6;6;6;6;6;6;1;4,66666666666667;18;21
94;0;1;1;10;6;5; ;5; ;3;2; ;3; ;Queer bisessuale;2;1;1;1;1;2;1;1;1;1;1;1;4;2;3;5;6;4;2;3;6;3;6;6;4;5;5;4;5;4;2;4,16666666666667;16;26
80;0;1;1;10;14;5; ;4; ;3;2; ;2; ; ;2;1;1;4;1;1;1;1;1;4;1;1;1;2;2;2;6;5;4;3;6;5;5;6;5;4;5;6;5;5;1;4,27777777777778;18;26
86;0;1;1;16;16;1; ;7; ;3;6; ;10;Non saprei rispondere ho avuto relazioni romantiche solo con uomini ma non ho mai esplorato relazioni romantiche con donne; ;2;4;4;6;4;1;1;4;1;4;1;1;4;1;3;6;6;5;6;5;6;2;3;3;5;2;6;3;6;3;2;4,05555555555556;35;32
84;0;1;1;8;20;1; ;5; ;3;3; ;3; ; ;2;6;6;2;1;6;4;6;7;6;6;1;1;5;5;5;6;5;5;6;6;1;5;5;5;6;5;3;4;5;5;4,83333333333333;52;24
76;0;1;1;15;11;1; ;5; ;3;6; ;6; ; ;2;2;3;2;1;4;1;4;1;1;5;4;4;1;3;4;3;4;5;3;3;3;2;2;5;2;4;3;3;3;2;3,05555555555556;32;31
100;1;1;1;9;15;7;Single che sperimenta;5; ;3;9; ;9; ; ;2;1;6;2;1;1;1;1;1;2;1;1;1;1;4;4;6;4;5;5;6;2;6;5;4;6;6;6;6;2;2;4,44444444444444;19;25
100;1;1;1;12;15;2; ;5; ;3;9; ;9; ; ;2;1;2;2;1;1;2;1;1;1;1;1;1;1;6;6;6;6;6;5;6;1;6;5;5;5;4;6;3;5;6;4,88888888888889;15;28
100;1;1;1;6;5;1; ;4; ;3;5; ;1; ; ;2;2;7;4;6;5;7;4;1;2;2;1;1;3;4;6;6;5;6;6;5;3;3;6;6;6;6;6;6;3;1;4,83333333333333;42;22
100;1;1;1;20;11;1; ;5; ;3;2; ;1; ;Bisessuale;2;1;2;3;1;1;1;1;1;4;1;1;2;2;3;3;6;2;2;2;2;4;3;2;5;2;2;2;2;2;1;2,61111111111111;19;36
100;1;1;1;28;11;1; ;4; ;3;2; ;2; ; ;2;2;2;4;6;2;2;2;1;2;2;2;4;2;5;6;6;6;6;6;6;1;6;6;6;6;6;6;6;6;2;5,22222222222222;31;44
100;1;1;1;29;6;1; ;5; ;2;2; ;2; ; ;2;2;2;4;4;2;2;2;1;4;2;1;1;2;6;6;6;6;6;6;6;2;6;6;6;4;6;6;6;6;5;5,38888888888889;27;45
100;1;1;1;18;18;1; ;4; ;2;9; ;9; ;Bisexual;2;4;4;4;4;1;1;1;4;4;1;1;1;1;6;6;6;6;1;6;6;1;6;6;6;6;6;6;6;6;5;5,11111111111111;30;34
100;1;1;1;23;3;1; ;4; ;2;4; ;6; ; ;2;6;1;7;4;7;2;4;1;2;2;2;5;3;2;6;6;5;6;3;6;2;1;3;4;5;3;3;3;2;3;3,66666666666667;43;39
100;1;1;1;24;14;1; ;5; ;3;4; ;4; ; ;2;1;3;3;1;2;1;1;1;4;1;1;2;1;6;6;6;6;1;6;6;1;5;6;6;6;6;6;6;6;4;5;21;40
100;1;1;1;5;15;4; ;5; ;2;2; ;2; ;Pansessuale;2;7;7;2;1;2;1;4;1;4;6;1;1;2;1;6;6;3;5;2;2;6;2;6;2;6;2;2;3;5;5;3,66666666666667;37;21
100;1;1;1;8;14;1; ;5; ;3;4; ;2; ; ;2;5;5;4;1;1;4;5;4;2;2;1;2;3;3;4;5;4;3;3;5;4;2;2;4;6;2;5;1;2;2;3,33333333333333;36;24
100;1;1;1;27;11;1; ;5; ;2;9; ;9; ; ;2;7;3;3;2;6;2;4;2;2;4;1;2;2;6;6;6;5;6;6;6;1;6;3;5;6;5;6;6;6;3;5;38;43
100;1;1;1;6;3;4; ;4; ;3;6; ;6; ; ;2;4;4;4;2;2;2;4;1;4;5;1;2;2;4;3;4;3;6;2;6;4;1;3;3;4;4;4;4;3;3;3,5;35;22
100;1;1;1;7;3;4; ;4; ;1;4; ;9; ; ;2;6;6;7;1;1;1;4;1;4;2;1;1;6;6;6;6;5;6;6;6;6;6;6;6;1;6;6;6;6;1;5,38888888888889;35;23
100;1;1;1;12;9;1; ;5; ;2;2; ;2; ; ;2;6;6;7;4;7;3;4;3;4;4;5;4;2;6;6;6;1;6;6;6;1;6;6;6;6;6;6;6;6;6;5,22222222222222;57;28
100;1;1;1;13;11;1; ;4; ;3;9; ;9; ;Demisessuale/Pansessuale;2;2;6;4;4;3;1;1;1;4;1;1;1;3;4;6;6;5;3;2;6;2;3;3;5;3;3;4;2;5;4;3,83333333333333;29;29
100;1;1;1;11;11;1; ;5; ;2;5; ;4; ; ;2;2;7;7;4;4;1;1;1;7;2;1;1;4;2;2;2;3;2;3;2;4;3;2;3;3;3;6;6;3;3;3,11111111111111;38;27
100;1;1;1;20;7;1; ;5; ;3;2; ;2; ;Queer;2;7;3;3;1;1;2;1;1;2;1;1;1;2;6;6;6;6;5;6;6;3;6;6;6;4;5;6;5;6;6;5,33333333333333;24;36
100;1;1;1;22;8;4; ;5; ;3;5; ;3; ; ;2;7;4;5;4;4;2;4;1;4;3;3;1;5;1;2;2;4;3;2;2;3;2;3;2;3;3;4;3;2;3;2,72222222222222;42;38
100;1;1;1;6;15;1; ;5; ;3;2; ;2; ; ;2;2;2;2;4;2;1;2;1;2;2;1;1;1;6;6;6;6;6;6;6;1;6;1;6;6;6;6;6;6;6;5,16666666666667;22;22
100;1;1;1;12;6;1; ;4; ;3;2; ;9; ; ;2;1;4;4;4;4;2;1;2;4;1;2;4;1;6;6;6;6;6;5;6;3;6;6;5;6;6;6;6;5;3;5,22222222222222;33;28
100;1;1;1;10;6;4; ;5; ;3;5; ;5; ; ;2;2;6;4;1;2;2;1;1;4;1;1;1;2;5;5;6;5;6;3;6;5;5;6;5;5;6;6;6;6;2;5;26;26
100;1;1;1;13;15;2; ;5; ;3;4; ;4; ;Eteroflessibile;2;2;3;2;5;2;1;1;2;2;1;4;3;2;5;6;5;6;4;5;6;2;5;5;5;6;6;6;6;6;6;5,11111111111111;28;29
100;1;1;1;7;15;3; ;4; ;3;2; ;2; ; ;2;5;4;4;1;3;3;4;1;2;1;1;1;3;3;3;4;4;4;3;3;4;3;4;4;5;3;4;3;3;3;3,5;30;23
100;1;1;1;8;15;1; ;5; ;3;6; ;6; ;Eteroflessibile;2;1;5;2;5;4;1;1;1;1;1;1;1;1;5;6;6;5;6;6;6;2;5;1;6;6;6;6;6;6;5;5;24;24
100;1;1;1;8;5;6; ;5; ;3;5; ;4; ; ;2;4;7;2;1;4;2;4;1;2;4;1;1;3;5;5;6;5;5;5;5;2;5;2;5;2;5;5;3;3;3;4,11111111111111;33;24
100;1;1;1;13;15;1; ;4; ;3;2; ;9; ;Pansessuale;2;4;3;4;4;3;2;3;1;2;3;2;2;2;5;5;5;5;5;5;5;2;5;6;6;5;6;4;6;5;4;4,77777777777778;33;29
100;1;1;1;10;14;1; ;5; ;3;5; ;4; ; ;2;7;7;5;1;2;1;4;1;7;2;1;1;1;6;6;6;5;6;6;6;1;6;6;6;6;6;6;6;4;4;5,16666666666667;39;26
100;1;1;1;9;11;7;Stiamo ragionando sull’aprile almeno la mia parte di relazione;5; ;3;6; ;7; ; ;2;1;7;6;1;4;3;1;1;4;2;1;1;1;6;6;6;6;6;6;6;2;6;6;6;6;6;6;6;6;6;5,5;32;25
100;1;1;1;6;11;2; ;4; ;3;4; ;11; ;Queer;2;3;4;3;1;2;1;2;1;3;2;1;1;2;5;5;6;5;6;4;6;2;4;5;6;5;5;6;5;3;5;4,72222222222222;24;22
100;1;1;1;10;4;4; ;5; ;3;4; ;3; ; ;2;1;1;2;2;1;1;1;1;1;1;1;1;2;3;6;6;5;3;6;6;2;6;3;6;6;6;6;6;2;1;4,5;14;26
100;1;1;1;7;15;1; ;5; ;1;6; ;4; ; ;2;1;1;1;1;1;1;1;4;4;6;1;1;1;6;6;6;6;5;5;6;1;6;6;6;6;5;6;4;6;6;5,16666666666667;23;23
100;1;1;1;19;6;5; ;5; ;3;5; ;6; ; ;2;2;6;6;1;7;4;4;3;5;5;1;1;1;6;6;6;6;6;6;6;4;6;6;6;5;6;6;4;5;5;5,33333333333333;45;35
100;1;1;1;5;11;5; ;4; ;3;2; ;2; ; ;2;2;3;3;1;4;1;2;1;1;2;1;1;2;4;5;6;4;5;4;6;3;5;6;5;5;6;5;4;4;5;4,66666666666667;22;21
100;1;1;1;9;17;1; ;5; ;3;3; ;4; ; ;2;7;2;3;1;4;4;6;1;4;6;1;1;1;6;6;6;4;6;6;6;2;6;5;5;6;6;5;6;5;5;5,11111111111111;40;25
100;1;1;1;11;11;1; ;5; ;3;5; ;5; ;Pansessuale;2;7;7;7;3;6;2;6;5;7;7;1;2;2;5;5;6;5;5;4;5;1;2;3;2;2;6;6;2;5;4;3,88888888888889;60;27
100;1;1;1;11;15;1; ;5; ;3;3; ;1; ; ;2;2;5;6;1;4;1;4;4;6;2;1;1;1;5;5;6;5;3;5;5;3;1;4;5;5;6;6;6;1;4;4,22222222222222;37;27
100;1;1;1;11;11;1; ;5; ;3;9; ;9; ; ;2;1;4;4;1;2;4;4;1;6;2;1;1;2;6;6;6;6;6;6;6;2;3;3;6;6;6;6;6;3;5;5;31;27
100;1;1;1;3;11;5; ;4; ;3;4; ;2; ; ;2;5;3;5;1;4;2;2;1;3;3;1;1;2;4;4;2;3;4;3;5;3;4;5;4;5;5;3;5;3;3;3,72222222222222;31;19
100;1;1;1;3;11;1; ;4; ;3;4; ;9; ; ;2;5;6;4;1;1;2;2;2;4;2;1;2;2;5;6;6;5;5;6;6;1;6;6;5;6;6;6;5;5;6;5,16666666666667;32;19
100;1;1;1;8;15;1; ;5; ;3;4; ;4; ; ;2;5;7;4;1;1;1;2;1;1;1;1;1;4;3;5;6;3;2;2;5;6;1;2;6;6;5;6;1;3;2;3,77777777777778;26;24
100;1;1;1;13;3;5; ;5; ;3;4; ;6; ; ;2;2;3;2;1;4;4;2;1;3;2;1;1;1;5;5;6;5;5;6;6;3;5;5;6;5;6;5;6;5;3;4,88888888888889;26;29
100;1;1;1;6;15;4; ;4; ;3;3; ;1; ; ;2;4;7;3;7;1;1;1;1;4;1;1;4;1;6;6;6;4;6;6;6;3;6;6;6;6;6;6;6;6;1;5,16666666666667;35;22
100;1;1;1;14;5;4; ;5; ;3;3; ;3; ; ;2;2;1;2;2;1;1;2;1;3;2;1;1;2;5;5;6;5;5;5;6;2;6;6;5;5;6;6;6;5;2;4,88888888888889;19;30
100;1;1;1;14;11;2; ;5; ;3;4; ;4; ; ;2;5;2;5;1;4;1;3;1;1;5;1;1;3;3;3;4;5;5;2;3;2;2;2;5;4;5;3;5;3;2;3,38888888888889;30;30
100;1;1;1;7;7;2; ;4; ;3;9; ;9; ; ;2;1;6;2;1;1;1;1;1;2;1;1;1;2;3;5;5;4;2;3;5;4;5;3;3;6;2;5;5;6;3;3,94444444444444;19;23
100;1;1;1;6;15;1; ;5; ;3;9; ;9; ;Pansessuale;2;6;7;2;2;2;1;1;1;4;2;1;1;1;5;6;6;5;6;6;6;2;6;3;3;4;5;6;5;5;2;4,55555555555556;30;22
100;1;1;1;8;11;1; ;4; ;3;4; ;4; ;Queer, pansessuale;2;1;2;2;3;2;1;1;1;4;2;1;1;1;6;6;6;6;6;6;6;2;6;6;6;5;6;6;6;6;5;5,38888888888889;21;24
100;1;1;1;10;14;4; ;4; ;3;2; ;2; ;Pansessuale;2;2;3;1;1;1;1;1;1;1;1;1;1;2;3;3;4;5;6;3;6;1;3;6;5;6;6;6;6;2;3;4,22222222222222;15;26
100;1;1;1;10;3;5; ;5; ;3;4; ;4; ; ;2;2;6;2;1;2;4;2;1;2;2;1;1;1;6;6;6;6;6;6;6;1;6;6;6;5;6;6;6;5;5;5,27777777777778;26;26
100;1;1;1;16;6;1; ;5; ;3;4; ;5; ; ;2;2;6;6;4;6;4;4;1;7;2;1;1;2;2;3;3;3;2;2;2;5;2;2;2;2;2;2;2;2;1;2,27777777777778;44;32
100;1;1;1;9;6;1; ;5; ;3;3; ;2; ; ;2;2;3;3;1;4;1;1;1;2;2;2;1;2;3;3;3;3;4;3;3;4;3;3;4;3;5;6;5;3;2;3,44444444444444;23;25
100;1;1;1;11;11;1; ;4; ;3;5; ;4; ; ;2;5;7;7;7;7;1;1;1;6;5;1;4;2;3;6;6;5;6;6;5;4;1;6;2;4;6;6;6;3;3;4,44444444444444;52;27
100;1;1;1;8;3;2; ;4; ;3;4; ;5; ; ;2;1;2;2;1;1;2;1;1;1;1;1;1;1;3;3;6;5;2;6;4;3;6;2;6;6;3;6;3;5;5;4,16666666666667;15;24
100;1;1;1;10;15;2; ;5; ;3;9; ;9; ; ;2;2;2;2;1;2;1;2;2;1;2;1;1;2;3;5;6;5;6;4;6;1;4;5;5;6;5;6;5;6;3;4,61111111111111;19;26
100;1;1;1;21;7;1; ;5; ;3;5; ;4; ; ;2;2;3;4;2;1;2;4;1;2;2;2;1;1;6;6;6;6;6;6;6;1;6;6;6;6;6;6;6;5;3;5,22222222222222;26;37
100;1;1;1;14;3;5; ;5; ;3;4; ;6; ; ;2;3;6;6;4;6;2;2;1;4;1;1;1;1;6;6;6;6;6;6;6;3;6;6;6;6;6;6;6;4;5;5,38888888888889;37;30
100;1;1;1;17;18;1; ;5; ;3;5; ;9; ; ;2;1;6;4;1;4;1;2;1;3;1;1;2;5;2;2;3;2;1;2;2;4;2;3;2;5;3;5;5;2;1;2,83333333333333;27;33
100;1;1;1;11;15;1; ;5; ;3;2; ;1; ; ;2;3;7;4;7;4;4;2;2;4;2;1;3;2;6;6;6;6;6;6;6;1;6;6;6;6;6;6;6;6;5;5,44444444444444;43;27
100;1;1;1;12;10;1; ;5; ;3;2; ;2; ; ;2;1;3;2;4;1;1;1;1;1;2;1;1;1;3;3;6;4;3;3;5;3;4;4;6;5;5;5;3;2;1;3,66666666666667;19;28
100;1;1;1;16;17;2; ;5; ;3;9; ;5; ;Pansessuale;2;3;5;3;2;5;4;3;3;4;1;1;5;2;4;4;4;4;2;3;6;2;3;2;5;6;4;4;2;3;5;3,61111111111111;39;32
100;1;1;1;10;11;1; ;5; ;3;4; ;3; ; ;2;4;6;6;1;4;1;2;1;2;2;1;1;1;6;6;6;6;6;6;6;1;6;6;6;6;6;6;6;6;6;5,44444444444444;31;26
100;1;1;1;9;17;4; ;4; ;3;9; ;4; ; ;2;4;4;4;4;4;4;1;1;4;4;1;1;1;6;6;6;6;6;6;6;2;6;6;6;5;6;6;6;6;3;5,27777777777778;36;25
100;1;1;1;10;20;4; ;5; ;3;2; ;2; ; ;2;2;4;3;2;2;1;2;1;1;2;2;4;2;3;5;5;4;5;5;5;4;5;5;5;4;5;6;5;3;2;4,33333333333333;26;26
100;1;1;1;10;17;4; ;5; ;3;5; ;4; ; ;2;2;6;6;1;4;3;2;1;4;2;1;1;2;3;3;6;6;3;3;6;2;6;6;6;5;6;6;3;3;5;4,44444444444444;33;26
100;1;1;1;10;6;1; ;4; ;3;9; ;9; ;Pansessuale;2;5;7;2;5;3;2;2;1;2;2;1;2;4;5;5;5;4;5;4;4;2;5;4;5;5;5;5;5;5;5;4,55555555555556;34;26
100;1;1;1;9;11;4; ;5; ;3;6; ;6; ; ;2;6;7;7;4;6;4;4;5;6;4;1;2;6;2;2;2;2;2;2;3;6;2;4;2;1;5;3;6;1;1;2,88888888888889;56;25
100;1;1;1;14;17;5; ;6;Master II livello;3;4; ;2; ; ;2;1;3;3;2;4;4;2;4;3;1;1;1;2;4;6;6;5;3;6;6;2;5;5;6;4;5;6;6;4;2;4,61111111111111;29;30
100;1;1;1;4;11;1; ;4; ;3;9; ;9; ; ;2;2;4;4;2;3;3;1;4;3;2;1;1;1;6;6;6;6;6;6;6;1;6;6;6;6;6;6;6;6;5;5,38888888888889;30;20
100;1;1;1;13;5;1; ;5; ;3;3; ;2; ; ;2;1;5;2;1;2;1;2;2;2;2;1;4;1;5;6;6;5;3;3;6;2;3;3;5;5;5;6;5;6;5;4,44444444444444;25;29
100;1;1;1;8;11;1; ;5; ;3;9; ;9; ; ;2;1;3;4;1;4;3;2;1;1;2;1;1;1;6;6;6;5;6;6;6;2;6;6;6;6;6;6;6;5;1;5,11111111111111;24;24
100;1;1;1;18;9;4; ;5; ;3;4; ;4; ; ;2;2;2;6;2;2;1;1;1;2;1;1;1;2;2;2;5;4;3;6;6;2;2;6;6;5;6;6;3;1;1;3,77777777777778;22;34
100;1;1;1;12;11;1; ;5; ;3;4; ;3; ;Bisessuale;2;1;3;2;2;4;3;4;1;4;2;1;1;3;2;2;2;1;2;1;3;4;1;4;5;4;4;6;3;3;1;2,83333333333333;28;28
100;1;1;1;6;11;2; ;4; ;3;9; ;9; ; ;2;2;3;4;2;2;1;1;1;3;1;1;1;1;5;5;6;6;5;5;6;2;4;5;5;5;5;6;5;5;3;4,66666666666667;22;22
100;1;1;1;6;11;1; ;5; ;3;9; ;9; ;Demisessuale;2;2;2;4;4;2;2;1;1;2;1;1;1;4;2;4;3;4;5;4;3;4;3;3;6;4;4;6;2;2;3;3,66666666666667;23;22
100;1;1;1;15;11;2; ;4; ;3;4; ;4; ; ;2;1;7;4;1;4;1;2;1;2;1;1;1;3;1;1;1;2;5;1;6;3;6;1;2;1;1;6;1;1;1;2,38888888888889;26;31
100;1;1;1;10;17;3; ;4; ;3;9; ;9; ; ;2;1;2;2;1;1;4;1;1;4;1;1;1;4;5;4;6;4;4;3;6;4;3;4;5;5;5;6;2;3;3;4,22222222222222;20;26
100;1;1;1;27;11;1; ;5; ;3;9; ;9; ; ;2;2;6;3;1;2;2;2;1;3;3;1;1;1;3;4;6;6;3;3;6;2;4;6;6;6;6;6;6;6;2;4,55555555555556;27;43
100;1;1;1;17;11;1; ;5; ;3;2; ;2; ;Queer;2;1;2;1;1;1;2;2;2;1;1;1;1;2;6;6;6;5;6;6;6;1;6;5;6;6;5;6;5;6;3;5,11111111111111;16;33
100;1;1;1;14;11;1; ;5; ;3;4; ;4; ; ;2;3;3;3;2;1;2;2;1;2;2;1;3;4;2;2;2;2;4;3;3;6;3;4;3;3;5;3;5;1;6;3,38888888888889;25;30
100;1;1;1;12;4;5; ;4; ;3;6; ;7; ; ;2;1;3;4;1;1;1;1;1;4;2;1;2;4;4;4;5;3;3;5;6;4;5;4;3;4;4;3;3;4;3;3,94444444444444;22;28
100;1;1;1;11;7;1; ;5; ;3;3; ;4; ; ;2;3;3;2;1;3;2;2;1;1;3;1;1;4;2;3;5;3;6;3;3;3;2;3;5;5;3;5;4;2;5;3,66666666666667;23;27
100;1;1;1;17;7;4; ;5; ;3;2; ;1; ; ;2;1;3;1;1;2;1;1;1;1;3;1;1;1;6;6;6;6;6;5;6;1;5;6;6;5;6;6;6;6;6;5,27777777777778;17;33
100;1;1;1;12;7;7; ;5; ;3;9; ;9; ;queer;2;2;2;3;1;4;7;1;4;1;1;1;2;1;3;5;6;5;6;2;5;2;3;2;4;5;6;5;3;3;5;3,94444444444444;29;28
100;1;1;1;5;6;2; ;4; ;3;2; ;9; ; ;2;4;4;5;1;4;2;1;1;1;1;1;1;2;6;6;6;6;6;4;6;1;6;6;6;6;3;6;6;6;3;5,05555555555556;26;21
100;1;1;1;10;12;4; ;4; ;3;6; ;11; ; ;2;3;6;4;1;4;2;4;2;1;5;1;1;5;1;1;3;2;2;1;5;6;1;1;2;2;1;5;6;2;1;2,61111111111111;34;26
100;1;1;1;11;14;4; ;5; ;3;4; ;4; ; ;2;1;3;3;1;2;4;1;1;3;1;1;4;3;4;4;5;5;3;3;3;2;2;3;3;4;5;5;5;5;2;3,66666666666667;25;27
100;1;1;1;4;16;1; ;4; ;3;4; ;4; ; ;2;4;4;2;1;4;1;4;1;4;2;1;1;2;5;5;6;5;6;5;5;2;3;3;6;6;4;6;6;5;4;4,66666666666667;29;20
100;1;1;1;9;23;4; ;5; ;3;3; ;5; ; ;2;1;3;3;1;2;2;2;1;2;1;1;1;2;4;3;6;4;5;3;3;4;3;4;5;6;5;5;6;6;2;4,22222222222222;20;25
100;1;1;1;13;16;4; ;5; ;3;2; ;2; ; ;2;3;6;4;1;2;2;3;1;2;2;1;2;5;1;2;3;1;3;2;5;4;2;4;2;4;3;2;3;1;2;2,72222222222222;29;29
100;1;1;1;19;19;1; ;5; ;3;4; ;4; ; ;2;2;2;2;1;3;1;1;1;2;1;1;1;1;3;5;6;5;5;5;6;4;3;5;5;5;4;2;2;2;2;3,88888888888889;18;35
100;1;1;1;16;11;1; ;5; ;3;9; ;9; ; ;2;2;3;2;2;2;3;4;4;4;2;1;2;3;4;5;5;5;4;4;6;2;5;4;5;5;3;5;4;4;4;4,27777777777778;31;32
100;1;1;1;9;17;1; ;5; ;3;2; ;1; ; ;2;2;4;1;1;1;1;1;1;2;1;1;1;2;3;5;6;6;3;3;4;6;3;5;4;4;5;4;3;3;2;3,94444444444444;17;25
100;1;1;1;10;11;4; ;2; ;3;4; ;4; ; ;2;1;7;4;1;1;2;1;1;2;1;1;1;2;2;2;3;4;6;2;4;2;2;6;5;6;6;5;6;2;1;3,66666666666667;23;26
100;1;1;1;34;11;4; ;4; ;3;4; ;4; ;BISESSUALE;2;1;2;2;1;1;1;1;1;1;1;1;1;2;5;6;6;6;6;6;6;2;6;6;6;5;6;6;6;6;3;5,27777777777778;14;50
100;1;1;1;12;15;5; ;5; ;3;9; ;5; ;Fluida;2;1;6;2;1;1;2;1;1;2;1;1;1;1;5;6;6;6;6;6;6;2;6;6;6;6;6;6;6;6;4;5,33333333333333;20;28
100;1;1;1;5;9;1; ;4; ;3;2; ;1; ; ;2;2;2;1;1;1;2;1;1;2;1;1;2;1;4;6;6;5;6;3;6;1;3;6;4;6;6;6;6;6;3;4,66666666666667;17;21
100;1;1;1;16;15;1; ;5; ;1;10;Sono asessuale;4; ;Asessuale biromantica;2;2;3;4;1;2;1;1;1;1;1;1;1;5;6;6;6;5;5;5;6;6;5;2;5;2;1;5;6;6;6;4,88888888888889;19;32
100;1;1;1;10;7;7;Single, aperta alle possibilità (monogamia, poliamore);5; ;3;6; ;11; ; ;2;3;6;4;1;4;4;4;2;4;4;1;1;1;5;6;5;5;5;2;6;2;5;6;5;6;6;6;4;2;4;4,5;38;26
100;1;1;1;23;11;1; ;4; ;3;5; ;7; ; ;2;3;6;5;1;3;1;2;1;4;3;1;1;2;4;4;6;5;3;4;4;5;2;1;4;6;2;6;2;3;4;3,72222222222222;31;39
100;1;1;1;12;9;4; ;5; ;3;6; ;5; ;Pansessuale;2;3;2;3;2;3;2;2;1;2;2;1;1;5;1;2;3;5;5;2;1;3;1;2;2;2;2;5;2;2;2;2,61111111111111;24;28
100;1;1;1;17;7;1; ;6;Dottorato di ricerca;3;9; ;9; ;Pansessuale;2;5;6;6;2;2;1;1;1;4;1;1;1;1;6;6;6;6;5;6;6;2;6;6;6;5;6;6;6;5;5;5,27777777777778;31;33
100;1;1;1;11;7;5; ;4; ;3;3; ;3; ;Queer;2;5;6;5;1;2;1;1;1;2;2;1;1;2;3;5;6;5;5;5;5;3;3;6;5;3;5;6;5;1;2;4,16666666666667;28;27
100;1;1;1;6;7;4; ;5; ;3;5; ;3; ; ;2;2;5;6;1;2;4;1;1;2;2;1;1;3;5;6;6;4;6;4;6;2;5;6;6;4;6;5;5;3;3;4,72222222222222;28;22
100;1;1;1;10;6;1; ;5; ;3;3; ;4; ;Pansessuale;2;1;7;6;1;4;3;4;7;5;1;1;1;1;6;6;6;6;6;6;6;1;6;6;6;6;6;6;5;6;5;5,33333333333333;41;26
100;1;1;1;10;11;5; ;5; ;3;4; ;2; ; ;2;4;5;2;1;6;2;4;3;2;1;1;2;4;4;6;6;5;6;6;6;5;6;6;6;6;6;6;6;5;1;5,33333333333333;33;26
100;1;1;1;8;7;1; ;4; ;3;4; ;4; ; ;2;6;6;4;2;5;2;1;1;4;1;1;1;1;6;6;6;5;6;6;6;2;3;6;6;6;6;6;6;3;3;4,94444444444444;34;24
100;1;1;1;11;7;1; ;5; ;3;2; ;2; ; ;2;1;6;1;2;6;2;4;6;7;1;1;1;1;2;5;6;5;5;6;5;2;4;6;6;2;6;6;6;6;3;4,55555555555556;38;27
100;1;1;1;14;18;1; ;5; ;3;3; ;3; ; ;2;2;6;6;6;5;2;2;1;6;1;1;1;2;6;6;6;5;6;6;6;2;5;5;6;5;6;6;6;6;4;5,22222222222222;39;30
100;1;1;1;7;21;1; ;4; ;3;4; ;4; ;Bisessuale;2;1;3;1;1;1;1;1;1;1;1;1;1;2;5;6;5;6;6;6;6;1;6;6;6;6;6;6;6;3;5;5,16666666666667;14;23
100;1;1;1;14;11;1; ;5; ;3;9; ;9; ; ;2;1;2;1;1;1;1;1;1;1;3;1;1;1;6;6;6;6;6;3;6;2;6;4;3;4;6;6;6;6;4;4,83333333333333;15;30
100;1;1;1;10;18;1; ;5; ;3;3; ;3; ; ;2;2;3;4;3;2;1;1;1;1;1;1;1;2;5;6;6;5;6;5;5;3;2;5;5;4;5;6;3;3;3;4,38888888888889;21;26
100;1;1;1;17;7;1; ;5; ;3;9; ;9; ; ;2;3;3;4;1;5;3;2;1;4;2;1;1;2;5;5;6;5;5;5;6;2;5;6;6;6;6;6;5;5;4;5;30;33
100;1;1;1;43;9;7;Single fuori allenamento con le relazioni ma aperta a tutto nel futuro;5; ;3;9; ;9; ;Pansessuale;2;2;5;6;1;4;2;1;1;3;1;1;1;1;5;6;6;6;6;6;6;1;3;5;6;6;3;6;6;2;2;4,55555555555556;28;59
100;1;1;1;21;11;2; ;5; ;3;5; ;5; ;Bisessuale;2;1;7;7;1;7;2;1;1;3;1;1;1;1;4;6;6;5;5;6;6;1;3;6;6;6;6;6;6;6;3;4,88888888888889;33;37
100;1;1;1;8;14;1; ;5; ;3;5; ;6; ;bisessuale;2;2;2;4;1;5;4;4;6;3;3;1;1;1;5;6;6;5;6;6;6;2;4;5;6;5;6;6;5;3;5;4,88888888888889;36;24
100;1;1;1;13;6;1; ;5; ;3;9; ;9; ; ;2;1;6;6;1;4;1;1;1;3;1;1;1;3;3;5;5;2;2;1;6;3;1;2;1;6;2;2;1;1;2;2,66666666666667;27;29
100;1;1;1;15;14;2; ;5; ;3;4; ;5; ; ;2;1;3;7;1;1;1;1;1;3;1;1;5;2;3;6;6;6;3;5;4;6;3;5;6;5;6;6;5;2;1;4,44444444444444;26;31
100;1;1;1;13;14;6; ;4; ;3;5; ;6; ; ;2;4;6;7;1;2;1;1;1;6;2;1;1;2;3;3;3;5;5;4;6;6;6;1;6;6;2;6;6;2;2;4,11111111111111;33;29
100;1;1;1;21;3;1; ;5; ;3;2; ;3; ; ;2;1;1;2;2;4;3;3;1;1;1;1;1;1;5;5;6;6;6;6;6;1;5;5;6;5;5;6;3;5;5;4,83333333333333;21;37
100;1;1;1;9;11;1; ;5; ;3;1; ;2; ; ;2;2;6;4;2;4;4;2;1;4;1;1;1;1;6;6;6;6;6;6;6;1;6;6;6;6;6;6;6;6;5;5,38888888888889;32;25
100;1;1;1;10;16;1; ;5; ;3;3; ;3; ; ;2;5;5;3;2;3;1;1;1;3;2;1;1;1;5;6;6;6;6;4;6;1;3;6;5;5;6;6;5;6;5;4,88888888888889;28;26
100;1;1;1;8;17;1; ;5; ;3;2; ;2; ; ;2;2;7;2;1;2;1;1;1;1;1;1;1;2;4;5;6;6;1;6;6;1;6;6;6;5;6;6;5;6;5;4,88888888888889;21;24
100;1;1;1;6;6;4; ;4; ;3;4; ;4; ; ;2;1;6;3;2;3;2;1;1;4;1;1;2;2;3;6;6;4;3;1;6;2;2;6;2;2;5;2;3;3;2;3,33333333333333;27;22
100;1;1;1;15;18;4; ;5; ;3;5; ;6; ; ;2;7;6;6;1;5;4;4;1;4;7;1;1;6;1;2;3;1;2;2;2;6;1;6;1;3;5;3;3;1;1;2,72222222222222;47;31
100;1;1;1;9;10;1; ;5; ;3;5; ;3; ; ;2;1;1;2;1;1;3;1;1;4;1;1;1;1;2;2;3;5;2;4;5;5;2;6;6;3;6;6;1;1;2;3,44444444444444;18;25
100;1;1;1;23;15;1; ;5; ;3;3; ;4; ; ;2;1;7;4;1;1;4;4;1;4;2;1;1;2;3;5;6;5;5;6;6;2;3;5;4;3;5;6;6;3;2;4,27777777777778;31;39
100;1;1;1;11;3;3; ;5; ;3;5; ;5; ; ;2;2;6;3;2;3;1;1;1;2;1;1;1;3;3;3;6;4;6;5;6;3;5;3;4;5;5;6;6;2;4;4,38888888888889;24;27
100;1;1;1;16;9;1; ;5; ;3;4; ;4; ; ;2;1;6;3;3;2;2;1;1;4;1;1;1;3;4;5;6;4;2;2;6;2;2;2;2;6;5;5;3;3;2;3,55555555555556;26;32
100;1;1;1;4;16;1; ;4; ;3;4; ;4; ; ;2;1;5;4;1;2;1;1;1;4;1;1;1;1;5;6;6;5;5;6;6;2;6;6;6;6;6;6;3;4;5;5;23;20
100;1;1;1;27;6;5; ;5; ;3;3; ;2; ; ;2;5;6;6;1;4;1;4;1;4;2;1;1;2;3;4;5;5;4;4;5;2;5;5;5;5;5;5;5;5;5;4,38888888888889;36;43
100;1;1;1;8;15;1; ;5; ;1;5; ;5; ; ;2;1;6;1;1;1;1;1;1;1;1;1;1;5;2;2;6;2;5;2;2;5;2;1;1;1;1;6;1;1;1;2,55555555555556;17;24
100;1;1;1;13;14;4; ;5; ;3;4; ;2; ; ;2;2;5;4;1;1;2;2;1;4;3;1;4;2;3;3;4;4;5;5;5;4;3;5;5;4;4;5;4;5;2;4;30;29
100;1;1;1;9;6;4; ;5; ;3;4; ;4; ; ;2;2;7;3;1;2;4;2;1;4;2;1;1;4;2;6;6;3;1;3;1;5;1;1;1;2;3;6;1;6;1;2,94444444444444;30;25
100;1;1;1;15;16;7;Single;5; ;3;3; ;4; ; ;2;2;3;2;1;2;2;2;3;2;3;1;2;2;3;3;3;3;2;3;3;4;2;3;3;4;4;3;3;3;3;3;25;31
100;1;1;1;6;17;4; ;4; ;3;2; ;2; ;Demisessuale;2;4;7;4;1;3;2;3;1;1;3;1;1;1;6;6;6;6;5;4;3;3;1;5;6;1;6;6;5;6;1;4,27777777777778;31;22
100;1;1;1;22;6;1; ;5; ;3;3; ;2; ; ;2;1;6;6;1;4;4;4;4;7;1;1;1;1;6;6;6;6;6;6;6;1;6;6;6;6;6;6;6;6;6;5,44444444444444;40;38
100;1;1;1;22;19;2; ;5; ;3;9; ;9; ;Pansessuale queer;2;6;5;3;1;5;1;4;1;1;4;1;1;1;3;6;6;4;6;6;3;3;1;6;3;5;6;2;1;2;6;3,88888888888889;33;38
100;1;1;1;16;11;1; ;5; ;3;3; ;3; ; ;2;6;2;6;4;6;2;5;1;1;6;7;4;1;5;6;6;6;6;6;6;1;6;6;6;5;6;6;3;5;6;5,11111111111111;50;32
100;1;1;1;13;9;2; ;5; ;3;4; ;5; ; ;2;2;2;2;1;4;1;1;1;1;2;1;1;2;4;6;6;5;5;5;6;1;6;4;6;4;4;6;6;6;5;4,83333333333333;19;29
100;1;1;1;13;9;1; ;5; ;3;4; ;5; ; ;2;2;6;3;1;2;3;1;1;2;1;1;2;3;3;5;6;3;3;4;4;3;4;3;4;6;3;4;3;5;2;3,77777777777778;25;29
100;1;1;1;15;7;1; ;6;Master universitario di secondo livello;3;2; ;2; ;Queer;2;1;4;2;1;1;2;1;1;2;1;1;1;1;6;6;6;6;6;6;6;2;6;6;6;5;6;6;6;6;5;5,38888888888889;18;31
100;1;1;1;22;18;1; ;5; ;3;3; ;3; ; ;2;1;2;3;1;4;4;4;1;5;1;1;4;1;5;6;5;5;6;5;6;1;3;2;4;6;5;4;3;5;2;4,11111111111111;31;38
100;1;1;1;8;12;4; ;5; ;3;3; ;2; ; ;2;2;5;2;3;1;1;2;3;2;1;1;2;5;2;4;6;4;3;3;5;4;3;2;3;3;3;4;4;2;1;3,38888888888889;25;24
100;1;1;1;15;9;1; ;5; ;3;4; ;4; ; ;2;1;4;2;1;4;2;2;1;1;4;1;1;1;5;6;6;5;5;6;6;2;5;6;6;5;6;6;4;3;5;4,88888888888889;24;31
100;1;1;1;14;16;1; ;5; ;3;3; ;2; ; ;2;2;2;2;1;1;1;1;1;1;2;1;1;2;4;5;6;6;6;2;5;4;2;5;5;5;4;5;5;6;2;4,38888888888889;16;30
100;1;1;1;10;15;4; ;5; ;3;4; ;2; ; ;2;1;2;1;1;7;1;1;1;3;1;1;7;3;5;6;6;5;5;6;5;3;6;3;3;6;5;6;6;5;3;4,83333333333333;27;26
100;1;1;1;12;3;1; ;5; ;3;3; ;2; ; ;2;2;2;2;1;1;3;1;1;1;2;1;1;1;6;6;6;6;6;6;6;1;6;6;6;6;6;6;6;6;6;5,44444444444444;18;28
100;1;1;1;6;14;1; ;4; ;3;5; ;4; ; ;2;6;6;5;1;7;2;4;1;7;5;1;1;2;6;6;6;5;6;5;6;1;6;6;6;4;6;6;6;6;6;5,27777777777778;46;22
100;1;1;1;6;16;1; ;4; ;3;9; ;9; ;Pansessuale;2;2;7;2;1;1;1;1;1;1;1;1;1;1;6;6;6;6;6;6;6;1;6;6;6;6;6;6;3;5;6;5,22222222222222;20;22
100;1;1;1;9;18;1; ;3; ;3;9; ;9; ;Queer;2;3;7;2;1;1;1;1;2;1;3;1;1;3;1;2;2;3;2;3;3;5;2;2;2;2;2;2;3;5;1;2,5;24;25
100;1;1;1;19;6;7;Relazione monogama perché richiesto dalla partner;5; ;3;9; ;9; ;Pansessuale;2;1;7;2;1;1;1;1;1;1;1;1;1;1;6;6;6;6;3;3;6;2;1;5;4;5;6;2;3;2;1;3,77777777777778;19;35
100;1;1;1;9;9;4; ;4; ;1;4; ;4; ; ;2;2;3;4;1;5;1;1;1;4;1;1;1;6;1;1;6;2;6;1;5;4;6;4;1;1;1;1;4;1;1;2,88888888888889;25;25
100;1;1;1;20;17;4; ;5; ;3;2; ;1; ;Bisex;2;1;2;2;1;1;2;2;1;3;1;1;5;1;5;6;6;5;6;5;6;2;6;6;6;6;6;6;6;6;4;5,22222222222222;22;36
100;1;1;1;23;7;1; ;5; ;3;9; ;9; ;Pansessuale;2;2;1;4;1;1;2;4;4;4;2;1;1;2;6;6;6;6;6;6;6;1;6;6;6;6;6;6;6;6;6;5,5;27;39
100;1;1;1;8;23;1; ;5; ;3;4; ;3; ; ;2;2;3;2;2;2;2;2;2;1;1;1;1;5;3;3;3;2;2;2;6;5;3;1;3;2;1;2;1;4;3;2,83333333333333;21;24
100;1;1;1;4;9;4; ;4; ;3;9; ;4; ; ;2;1;6;6;1;2;4;3;2;3;1;1;1;6;2;3;6;1;6;1;6;3;4;3;1;5;2;2;2;1;1;3,05555555555556;31;20
100;1;1;1;2;3;1; ;2; ;3;4; ;7; ;donna bisessuale ma non biromantica;2;1;2;2;1;1;4;2;4;4;1;1;1;1;6;6;6;6;6;6;6;1;6;6;6;6;6;6;6;6;5;5,38888888888889;24;18
100;1;1;1;7;6;1; ;4; ;3;9; ;9; ; ;2;1;4;4;1;1;1;1;1;2;1;1;1;3;3;5;6;3;4;4;3;2;4;5;3;5;4;3;3;1;2;3,5;19;23
100;1;1;1;28;18;4; ;5; ;3;2; ;9; ; ;2;2;4;7;1;2;4;2;1;4;2;1;1;3;5;5;6;5;5;5;6;5;3;5;6;3;3;6;6;5;3;4,72222222222222;31;44
100;1;1;1;5;6;7; ;4; ;3;9; ;9; ; ;2;1;5;2;2;1;1;1;1;2;1;1;1;5;5;5;5;6;5;3;5;2;5;2;5;5;5;5;3;5;5;4,5;19;21
100;1;1;1;11;15;1; ;4; ;3;9; ;9; ; ;2;5;5;3;1;2;2;2;2;4;1;1;1;2;3;4;5;4;5;5;5;2;2;2;2;4;2;5;2;2;2;3,22222222222222;29;27
100;1;1;1;8;14;1; ;4; ;3;4; ;4; ; ;2;5;5;2;1;3;1;1;1;4;2;1;1;2;4;4;5;5;5;5;5;3;5;4;4;5;3;2;3;3;4;3,94444444444444;27;24
100;1;1;1;5;16;7; ;4; ;3;4; ;4; ; ;2;3;7;4;1;1;2;2;1;2;2;1;1;2;5;6;5;3;4;3;6;2;3;6;5;6;6;6;5;5;3;4,5;27;21
100;1;1;1;8;3;4; ;5; ;3;6; ;4; ; ;2;1;5;6;1;2;1;1;1;2;1;1;1;4;2;3;6;1;5;2;1;6;2;3;2;4;3;6;5;3;2;3,33333333333333;23;24
100;1;1;1;13;15;1; ;5; ;3;3; ;4; ; ;2;2;2;1;1;3;4;4;1;1;2;1;1;1;5;6;6;6;6;6;6;1;6;6;1;6;6;6;6;6;6;5,11111111111111;23;29
100;1;1;1;28;11;1; ;5; ;3;9; ;9; ;Pansessuale;2;7;2;2;1;4;1;1;1;4;1;1;1;1;6;6;6;6;6;6;6;1;6;6;6;1;6;6;6;6;2;4,94444444444444;26;44
100;1;1;1;7;16;1; ;5; ;1;4; ;6; ; ;2;5;6;4;1;6;2;2;1;1;1;1;7;3;2;2;6;4;1;2;6;4;1;1;1;2;3;3;1;1;2;2,5;37;23
100;1;1;1;12;11;1; ;4; ;3;9; ;9; ;Pansessuale;2;1;3;2;1;1;2;2;1;3;1;1;1;1;6;6;6;5;6;5;6;2;6;6;6;5;6;6;5;6;5;5,22222222222222;19;28
100;1;1;1;6;9;4; ;4; ;1;4; ;3; ; ;2;5;5;4;1;5;1;1;1;4;3;1;2;5;1;3;4;1;1;1;1;3;1;3;1;4;3;2;3;1;1;2,16666666666667;33;22
100;1;1;1;9;17;1; ;5; ;3;4; ;5; ; ;2;5;5;6;1;4;1;1;1;4;5;1;1;1;5;6;6;5;6;5;4;4;4;3;4;3;6;6;6;3;6;4,61111111111111;35;25
100;1;1;1;20;15;1; ;5; ;3;5; ;4; ; ;2;6;2;3;1;5;6;4;7;4;5;1;1;1;6;6;6;6;6;5;6;6;5;6;6;5;6;6;6;5;5;5,44444444444444;45;36
100;1;1;1;5;3;1; ;4; ;3;9; ;9; ;bisessuale/pansessuale;2;2;3;1;1;1;1;1;1;3;1;1;1;1;5;6;6;5;5;5;6;1;6;6;6;6;6;5;5;6;6;5,11111111111111;17;21
100;1;1;1;5;3;1; ;4; ;3;4; ;2; ;queer;2;5;7;4;4;4;2;4;1;3;5;2;1;2;4;6;6;5;6;6;6;2;6;6;6;3;5;6;6;5;6;5,11111111111111;42;21
100;1;1;1;8;17;1; ;5; ;3;3; ;1; ; ;2;2;5;6;1;6;4;4;6;4;2;2;2;2;3;5;6;4;4;3;6;3;3;5;3;4;4;5;3;3;2;3,77777777777778;44;24
100;1;1;1;17;7;1; ;5; ;3;6; ;6; ; ;2;5;3;4;4;3;4;4;1;2;2;1;1;1;5;6;6;4;6;6;6;1;5;2;6;6;6;6;6;5;4;4,83333333333333;34;33
100;1;1;1;28;11;1; ;5; ;1;6; ;5; ; ;2;4;2;2;1;1;1;4;1;2;2;1;1;4;3;4;5;4;2;4;4;5;4;4;4;2;5;5;5;2;3;3,83333333333333;22;44
100;1;1;1;12;11;7;Single non monogama;5; ;3;5; ;6; ; ;2;5;6;3;1;4;1;2;1;1;2;1;1;3;3;3;5;3;4;3;6;5;2;6;4;3;5;5;3;2;2;3,72222222222222;28;28
100;1;1;1;9;10;1; ;5; ;3;4; ;3; ; ;2;2;3;6;2;4;4;2;2;3;2;1;1;1;5;5;5;5;5;5;5;2;5;5;5;5;6;6;5;5;5;4,72222222222222;32;25
100;1;1;1;11;13;2; ;5; ;3;3; ;3; ; ;2;2;4;2;2;7;3;3;3;3;3;1;1;1;6;6;6;6;6;5;6;1;2;5;6;6;5;6;3;5;4;4,72222222222222;34;27
100;1;1;1;8;11;4; ;5; ;3;2; ;2; ; ;2;2;3;2;4;4;2;1;1;2;2;1;1;1;5;5;5;5;6;5;6;2;5;4;6;5;5;6;6;4;2;4,61111111111111;25;24
100;1;1;1;5;11;4; ;4; ;3;3; ;2; ;Queer;2;7;7;7;1;1;1;2;2;2;2;1;1;2;2;5;6;4;2;2;4;3;2;4;4;5;3;4;3;2;2;3,27777777777778;34;21
100;1;1;1;7;15;4; ;5; ;3;2; ;2; ;Bisessuale;2;2;7;2;1;5;2;3;1;3;6;3;1;3;2;2;6;3;5;2;2;2;2;4;2;6;5;3;3;5;2;3,27777777777778;36;23
100;1;1;1;5;11;4; ;4; ;3;5; ;9; ; ;2;1;3;2;1;1;1;1;1;6;2;1;2;2;5;5;6;5;3;3;6;4;4;5;5;5;6;6;6;3;2;4,5;22;21
100;1;1;1;8;8;4; ;5; ;3;4; ;4; ;Bisessuale;2;2;4;6;4;5;4;4;4;2;2;1;3;2;5;6;6;5;6;3;6;3;2;6;3;6;6;6;3;3;4;4,5;41;24
100;1;1;1;16;3;4; ;4; ;3;3; ;2; ; ;2;4;4;6;4;5;4;4;4;4;4;2;2;1;5;5;6;5;5;6;6;2;5;6;6;6;6;6;6;5;2;4,94444444444444;47;32
100;1;1;1;5;11;7;Frequentazione monogama;4; ;1;5; ;9; ;Non sento il bisogno/desiderio di definirmi;2;1;7;5;1;1;4;1;1;4;1;1;1;2;2;4;6;4;5;3;5;3;2;3;3;5;5;6;6;2;5;3,94444444444444;28;21
100;1;1;1;24;16;6; ;5; ;3;5; ;6; ;Queer/ bi;2;6;3;2;1;3;2;4;2;4;6;1;1;5;2;2;2;2;2;1;5;5;2;2;1;2;2;5;4;2;2;2,66666666666667;35;40
100;1;1;1;8;11;1; ;5; ;3;4; ;5; ; ;2;6;6;4;1;2;1;6;4;3;6;1;1;2;3;3;5;3;5;5;5;4;3;5;4;3;4;5;3;2;3;3,72222222222222;41;24
100;1;1;1;11;11;1; ;5; ;3;9; ;9; ;Pansessuale;2;2;6;6;1;2;2;1;1;1;1;1;1;1;5;6;6;6;6;6;6;2;5;6;6;6;6;6;5;4;1;4,94444444444444;25;27
86;0;1;1;16;14;1; ;5; ;3;9; ;9; ; ;2;1;2;2;1;1;1;1;1;1;1;1;1;1;6;6;6;6;6;6;4;2;5;6;6;6;6;6;6;6;5;5,27777777777778;14;32
86;0;1;1;14;12;1; ;5; ;3;6; ;6; ; ;2;3;7;4;1;3;1;2;2;2;3;1;1;1;5;6;6;5;6;5;6;4;2;6;6;5;6;6;6;4;2;4,83333333333333;30;30
76;0;1;1;14;8;6; ;5; ;3;4; ;9; ;Queer;2;7;6;2;6;1;1;6;1;4;4;1;1;3;3;4;3;3;2;2;2;4;5;4;5;3;4;3;4;2;3;3,27777777777778;40;30
84;0;1;1;12;9;5; ;5; ;3;4; ;4; ; ;2;1;2;1;1;2;4;1;1;2;1;1;1;2;5;6;6;5;6;6;6;2;6;6;6;6;6;6;6;6;3;5,27777777777778;18;28
76;0;1;1;7;14;1; ;6;Laureanda in lettere moderne;3;4; ;4; ; ;2;1;5;7;4;1;3;1;1;4;1;1;2;1;6;6;6;6;6;6;6;1;6;6;6;6;6;6;6;6;5;5,38888888888889;31;23
100;1;1;1;18;9;2; ;4; ;3;9; ;11; ;Pansessuale aromantica;3;6;5;5;1;4;2;5;1;4;5;1;1;1;6;6;6;6;6;6;6;1;6;6;5;6;6;6;5;5;5;5,22222222222222;40;34
100;1;1;1;12;15;2; ;7; ;3;6; ;7; ;Queer;3;4;2;4;2;2;4;5;2;3;4;1;1;2;5;5;5;4;5;3;1;2;5;6;3;6;6;6;3;3;5;4,16666666666667;34;28
100;1;1;1;28;11;2; ;5; ;1;6; ;6; ;Ho avuto un periodo in cui mi sono reputata lesbica, ma alla prova dei fatti ho avuto solo innamoramenti per uomini;3;4;6;5;2;1;1;4;5;4;5;1;2;3;2;3;5;2;2;3;3;4;2;3;3;3;3;2;2;2;3;2,77777777777778;40;44
100;1;1;1;17;7;5; ;5; ;3;7; ;2; ;Eteroflessibile;3;6;4;4;2;4;4;4;4;4;4;1;1;1;3;3;3;2;5;1;1;2;2;3;3;3;6;3;2;1;6;2,77777777777778;42;33
100;1;1;1;9;11;1; ;5; ;2;6; ;7; ; ;3;4;7;6;1;4;4;4;4;6;2;1;1;1;6;6;6;6;6;5;6;1;5;6;6;6;6;6;6;6;5;5,27777777777778;44;25
100;1;1;1;22;16;7;Single;4; ;3;6; ;7; ; ;3;4;4;4;1;7;4;4;6;4;4;1;1;1;3;6;6;6;6;6;6;2;3;6;6;5;6;6;6;3;2;4,72222222222222;44;38
100;1;1;1;13;18;1; ;5; ;3;6; ;7; ; ;3;4;4;4;4;4;2;4;4;4;4;1;2;1;3;5;6;5;5;5;5;4;5;6;6;5;6;6;4;2;3;4,55555555555556;41;29
100;1;1;1;6;15;1; ;5; ;3;6; ;4; ;eterosessuale bigender biromantica;3;2;2;6;1;5;4;4;4;4;4;1;1;3;2;2;6;3;3;2;5;3;2;4;5;4;3;3;5;3;3;3,38888888888889;38;22
100;1;1;1;9;10;3; ;5; ;3;6; ;7; ; ;3;4;4;4;4;4;4;7;4;4;7;1;1;2;2;2;6;5;6;5;5;6;5;6;2;1;6;6;6;2;1;4,11111111111111;48;25
100;1;1;1;22;15;1; ;5; ;3;5; ;6; ;Eteroflessibile;3;4;4;3;1;1;1;1;1;1;1;1;1;1;6;6;6;5;6;5;5;2;3;6;5;5;6;3;6;5;2;4,61111111111111;20;38
100;1;1;1;9;11;1; ;5; ;1;6; ;7; ; ;3;6;5;6;2;5;3;6;1;3;3;1;4;2;4;4;5;4;4;4;5;3;5;5;5;5;4;4;3;3;2;3,94444444444444;45;25
100;1;1;1;14;12;5; ;5; ;3;5; ;7; ; ;3;2;5;6;1;2;2;4;2;4;2;1;1;1;5;5;6;5;5;6;6;2;6;6;5;5;6;6;5;3;5;4,88888888888889;32;30
100;1;1;1;22;12;4; ;5; ;3;5; ;11; ;non intendo definirlo;3;5;2;3;1;4;3;4;7;4;4;1;2;4;2;3;6;3;2;5;5;3;4;4;5;5;3;6;4;4;1;3,83333333333333;40;38
100;1;1;1;21;7;1; ;5; ;3;7; ;7; ; ;3;4;2;2;2;3;2;4;3;2;4;1;1;2;3;3;6;4;2;3;6;4;3;3;5;5;2;5;2;6;5;3,83333333333333;30;37
100;1;1;1;13;16;4; ;5; ;3;7; ;7; ; ;3;7;7;2;1;1;2;7;7;4;7;1;1;1;6;6;6;6;6;6;6;3;6;6;6;6;6;6;6;6;3;5,38888888888889;47;29
100;1;1;1;7;17;1; ;5; ;1;6; ;7; ;Non lo definisco;3;6;7;7;1;4;1;4;1;4;4;1;1;1;6;6;6;6;6;6;6;2;6;6;6;3;6;6;6;3;5;5,11111111111111;41;23
100;1;1;1;21;11;1; ;5; ;3;6; ;7; ;Eteroflessibile, bicurious;3;3;3;3;1;5;1;3;1;4;4;1;2;1;6;6;6;6;6;6;6;1;5;6;6;6;6;6;6;6;5;5,33333333333333;31;37
100;1;1;1;16;11;7;Frequento una persona, non abbiamo definito lo stile relazionale;5; ;3;5; ;6; ;eteroflessibile se ragioniamo in termini binari, comunque pansessuale perché in generale sono attratta dalle persone - anche se statisticamente poi mi avvicino romanticamente e sessualmente di più a persone che si identificano come uomini;3;4;6;6;2;6;1;4;1;4;5;1;3;1;5;6;6;5;5;5;4;1;5;6;6;6;6;6;6;4;6;4,94444444444444;43;32
100;1;1;1;10;11;1; ;5; ;3;6; ;5; ; ;3;4;1;4;1;4;2;4;1;4;4;1;1;1;5;6;6;5;6;5;6;1;5;4;6;6;6;6;5;3;3;4,72222222222222;31;26
86;0;1;1;6;11;3; ;4; ;3;6; ;11; ;Eteroflessibile;3;2;7;4;1;1;1;1;1;4;1;1;1;1;6;6;6;6;6;6;6;1;6;6;6;6;6;6;6;6;5;5,38888888888889;25;22
84;0;1;1;4;14;4; ;4; ;3;6; ;7; ; ;3;3;4;2;4;1;1;4;1;4;4;1;1;2;5;6;6;5;3;3;6;2;5;5;3;6;5;6;6;5;5;4,66666666666667;30;20
94;0;1;1;12;11;1; ;5; ;3;7; ;6; ; ;3;5;6;6;3;4;3;4;2;5;2;1;1;2;3;4;3;4;6;3;3;3;3;3;3;6;2;2;2;1;1;3;42;28
100;1;1;1;11;11;7;single prevalentemente monogama;5; ;2;6; ;9; ;demisessuale;3;2;6;2;1;4;1;3;1;2;4;1;1;2;5;2;5;5;5;3;3;3;1;6;5;5;3;5;6;3;1;3,77777777777778;28;27
100;1;1;1;15;11;1; ;4; ;3;7; ;9; ;Eterosessuale innamorata di una donna;3;2;7;4;1;1;2;1;1;6;2;1;1;3;4;6;6;6;2;5;6;3;2;2;6;3;5;6;1;5;3;4,11111111111111;29;31
100;1;1;1;26;7;1; ;6;Dottorato;1;6; ;6; ; ;3;4;6;6;1;1;1;3;4;4;2;1;1;2;2;5;6;4;4;5;5;4;5;3;5;2;5;6;5;3;2;4,05555555555556;34;42
100;1;1;1;6;15;1; ;5; ;3;6; ;7; ; ;3;6;6;3;1;1;1;4;3;2;4;1;1;2;4;6;6;6;6;3;6;2;6;6;6;6;6;5;2;4;2;4,66666666666667;33;22
100;1;1;1;5;2;6; ;4; ;3;7; ;7; ; ;3;6;7;1;1;2;1;5;1;4;7;1;1;2;2;5;5;4;2;2;6;2;2;3;1;5;2;2;2;2;1;2,77777777777778;37;21
100;1;1;1;7;11;4; ;4; ;3;6; ;7; ; ;3;3;7;7;1;4;4;4;4;4;3;1;2;3;2;3;5;4;2;3;5;3;2;6;2;5;5;6;5;4;1;3,66666666666667;44;23
100;1;1;1;8;7;2; ;5; ;3;6; ;6; ;Bicuriosa;3;3;6;6;1;4;2;3;2;1;1;1;1;1;6;6;6;5;5;5;6;1;6;6;5;6;6;6;4;5;5;5;31;24
100;1;1;1;29;11;1; ;5; ;3;6; ;6; ; ;3;4;6;6;1;5;3;6;3;1;6;1;1;2;5;5;6;5;2;6;5;2;6;1;5;6;4;6;5;2;4;4,27777777777778;43;45
100;1;1;1;14;11;1; ;4; ;3;6; ;7; ; ;3;1;7;7;2;2;1;4;1;1;1;1;1;1;5;4;6;5;3;3;3;3;3;3;3;3;3;2;2;4;1;3,16666666666667;29;30
100;1;1;1;9;6;1; ;5; ;3;6; ;6; ; ;3;3;7;4;2;4;4;4;1;4;2;1;1;1;6;6;6;6;6;6;6;1;6;6;6;6;6;6;6;6;6;5,44444444444444;37;25
100;1;1;1;18;10;2; ;5; ;3;6; ;5; ; ;3;3;7;3;4;4;1;4;4;4;4;1;1;5;5;6;5;5;5;6;6;2;5;3;5;6;6;6;5;3;3;4,83333333333333;40;34
100;1;1;1;17;14;1; ;3; ;3;6; ;6; ; ;3;6;6;6;1;1;2;6;1;2;2;1;1;1;5;5;6;5;3;5;3;2;2;2;5;5;5;6;5;2;2;3,83333333333333;35;33
100;1;1;1;20;18;1; ;6;Dottorato di ricerca;3;6; ;9; ; ;3;1;1;4;1;1;1;1;1;1;1;1;1;1;5;6;6;6;6;6;6;1;6;6;6;6;6;6;6;6;6;5,38888888888889;15;36
100;1;1;1;16;11;1; ;5; ;3;6; ;6; ; ;3;4;7;7;1;4;4;4;1;4;2;1;1;2;3;5;6;5;3;5;6;2;3;4;4;5;4;6;6;2;2;4,05555555555556;40;32
86;0;1;1;16;5;7;Attualmente non interessata a frequentare nessun*;5; ;3;6; ;2; ; ;3;4;5;4;2;5;3;4;4;3;4;2;5;4;2;3;3;2;2;2;2;5;2;2;2;3;2;2;3;2;2;2,5;45;32
